,Goal_Home,Yellow_Home,Red_Card_Home,Own_Home,Goal_Away,Yellow_Away,Red_Card_Away,Own_Away
0,2,0,1,0,1,0,0,0
1,0,0,0,0,0,1,1,0
2,1,0,0,0,0,1,1,0
3,1,0,0,0,1,0,1,0
4,0,0,0,0,1,1,1,0
5,0,1,1,0,0,3,0,0
6,0,0,0,0,0,0,1,0
7,1,0,0,0,0,0,1,0
8,1,0,0,0,0,2,1,0
9,2,0,0,0,1,3,1,0
10,1,0,0,0,0,0,1,0
11,1,0,1,0,3,0,0,0
12,1,1,0,0,1,3,1,0
13,2,1,1,0,2,1,0,0
14,3,2,0,0,2,1,1,0
15,1,0,0,0,0,0,1,0
16,0,2,0,0,2,2,1,0
17,1,1,0,0,1,0,1,0
18,0,2,0,0,0,1,1,0
19,3,2,0,0,2,0,1,0
20,0,1,1,0,0,2,0,1
21,0,1,0,0,0,1,1,0
22,3,0,0,0,0,2,1,0
23,1,0,1,0,1,0,0,0
24,0,0,1,0,1,1,0,0
25,1,0,0,0,0,1,1,0
26,0,1,1,0,0,1,0,0
27,2,1,0,0,1,1,1,0
28,3,1,1,0,1,2,0,0
29,1,0,0,0,3,0,1,0
30,1,1,1,0,0,1,0,0
31,0,0,1,0,1,1,0,0
32,1,1,0,0,2,2,1,0
33,1,0,0,0,1,2,1,0
34,0,0,0,0,0,0,1,0
35,1,1,1,0,1,5,0,0
36,4,3,0,0,3,0,1,0
37,1,1,0,0,0,2,1,0
38,0,0,0,0,0,2,1,0
39,0,0,1,0,0,0,0,0
40,1,0,1,0,1,0,0,0
41,1,1,1,0,1,1,0,0
42,0,0,1,0,0,0,0,0
43,2,2,1,0,0,0,0,1
44,0,0,1,0,0,0,0,0
45,0,0,0,0,1,0,1,0
46,0,0,0,0,0,0,1,0
47,0,2,1,0,2,0,0,0
48,1,1,1,0,0,0,0,0
49,2,0,1,0,1,0,0,0
50,1,2,0,0,1,1,1,0
51,2,1,0,0,1,0,1,0
52,0,0,1,0,2,2,0,0
53,1,2,0,0,1,0,1,0
54,2,1,1,0,0,1,0,0
55,1,0,0,0,2,0,1,0
56,2,2,1,0,1,0,0,0
57,0,1,0,0,0,1,1,0
58,0,0,0,0,0,1,1,0
59,0,0,1,0,1,2,0,0
60,0,0,0,0,0,1,1,0
61,1,0,0,0,0,0,1,0
62,0,1,0,0,1,0,1,0
63,1,1,1,0,0,0,0,0
64,0,0,1,0,1,1,0,0
65,0,2,1,0,1,0,0,0
66,1,1,0,0,0,2,1,0
67,1,0,0,0,2,1,1,0
68,2,1,0,0,0,0,1,0
69,0,1,0,0,0,1,1,0
70,0,1,0,0,0,0,1,0
71,0,3,1,0,4,0,0,0
72,2,1,0,0,1,1,1,0
73,1,0,0,0,2,0,1,0
74,0,0,1,0,1,1,0,0
75,2,0,0,0,0,1,1,0
76,1,1,0,0,0,3,1,0
77,1,0,0,0,2,3,1,0
78,1,1,0,0,0,0,1,0
79,0,0,0,0,1,2,1,0
80,1,0,0,0,0,0,1,0
81,1,0,1,0,1,1,0,0
82,0,0,0,0,1,0,1,0
83,2,1,0,0,0,1,1,0
84,2,0,0,0,1,1,1,0
85,0,1,1,0,0,0,0,0
86,0,0,1,0,0,0,0,0
87,2,0,0,0,1,0,1,0
88,1,2,1,0,4,0,0,0
89,1,3,1,0,0,1,0,0
90,1,1,1,0,1,0,0,0
91,1,1,0,0,0,0,1,0
92,1,1,1,0,1,0,0,0
93,1,0,0,0,0,0,1,0
94,1,1,1,0,0,3,0,0
95,0,2,0,0,1,1,1,0
96,0,0,0,0,0,1,1,0
97,0,1,0,0,0,0,1,0
98,0,0,1,0,0,0,0,0
99,0,0,0,0,0,0,1,0
100,2,3,1,0,1,1,0,0
101,3,1,0,0,0,1,1,0
102,2,1,1,0,1,5,0,0
103,0,0,1,0,2,0,0,0
104,1,1,1,0,0,0,0,0
105,1,1,0,0,0,3,1,0
106,1,1,1,0,1,1,0,0
107,0,2,1,0,0,3,0,0
108,0,1,0,0,0,0,1,0
109,0,0,0,0,0,2,1,0
110,0,0,1,0,0,0,0,0
111,1,0,0,0,0,0,1,0
112,1,1,1,0,1,0,0,0
113,0,1,0,0,0,0,1,0
114,0,4,0,0,0,2,1,0
115,0,3,1,0,1,1,0,0
116,1,3,0,1,2,3,1,0
117,0,0,0,0,0,1,1,0
118,1,0,0,0,0,1,1,0
119,1,2,1,0,1,1,0,0
120,1,1,0,0,3,2,1,0
121,2,1,0,0,1,2,1,0
122,1,2,0,0,0,1,1,1
123,0,3,1,0,3,2,0,0
124,1,0,0,0,2,1,1,0
125,1,1,0,0,0,0,1,0
126,1,1,0,0,0,2,1,0
127,0,0,0,0,1,0,1,0
128,1,1,0,0,0,1,1,0
129,0,0,1,0,2,1,0,0
130,0,0,1,0,2,2,0,0
131,0,1,1,0,2,1,0,0
132,0,1,0,0,2,3,1,0
133,1,0,1,0,3,0,0,0
134,0,1,1,0,1,1,0,0
135,2,0,0,0,0,0,1,0
136,0,0,0,0,0,0,1,0
137,0,0,1,0,0,0,0,0
138,1,1,0,0,1,2,1,0
139,1,1,1,1,0,2,0,0
140,1,0,0,0,0,2,1,0
141,0,0,1,0,1,0,0,0
142,0,0,0,0,0,0,1,0
143,1,1,0,0,0,1,1,0
144,0,1,1,0,0,0,0,0
145,0,0,1,0,2,0,0,0
146,1,1,0,0,0,1,1,0
147,0,2,0,0,0,1,1,0
148,3,2,1,0,0,1,0,0
149,1,0,0,0,0,0,1,0
150,0,0,1,0,0,0,0,0
151,0,0,0,0,0,0,1,0
152,0,0,0,0,0,2,1,0
153,0,1,1,0,1,0,0,0
154,1,0,0,0,1,0,1,0
155,2,0,0,0,2,0,1,0
156,0,0,0,1,1,0,1,0
157,0,3,1,0,2,3,0,0
158,0,0,0,0,2,0,1,0
159,1,3,1,0,0,1,0,0
160,2,0,0,0,1,0,1,0
161,0,2,0,0,0,2,1,0
162,0,0,0,0,0,0,1,0
163,2,2,1,0,1,0,0,1
164,0,0,0,0,0,0,1,0
165,0,0,1,0,4,2,0,0
166,1,2,1,0,1,1,0,0
167,1,1,1,0,1,0,0,0
168,0,0,0,0,0,0,1,0
169,0,1,1,0,0,0,0,0
170,1,3,1,0,1,2,0,1
171,0,0,0,0,0,3,1,0
172,0,0,1,0,0,0,0,0
173,2,1,1,0,1,1,0,0
174,1,2,0,0,1,2,1,0
175,0,0,1,0,1,0,0,0
176,2,1,0,0,1,1,1,0
177,1,0,0,0,0,0,1,0
178,1,1,0,0,0,1,1,0
179,1,2,0,0,0,1,1,0
180,2,1,0,0,1,3,1,0
181,0,1,0,0,2,3,1,0
182,0,2,1,0,2,1,0,0
183,0,3,0,0,0,1,1,0
184,1,0,0,0,0,0,1,0
185,1,2,0,0,0,3,1,0
186,1,0,0,0,0,1,1,0
187,2,0,1,0,1,0,0,0
188,1,2,0,0,1,2,1,0
189,2,0,0,0,0,0,1,0
190,1,0,1,0,3,3,0,0
191,0,0,0,0,0,2,1,0
192,1,1,0,1,0,2,1,0
193,2,2,0,0,1,4,1,0
194,1,2,1,0,0,1,0,0
195,0,2,1,0,3,1,0,0
196,0,0,0,0,0,1,1,0
197,1,1,1,0,2,1,0,0
198,1,3,0,0,0,3,1,0
199,2,0,0,0,1,0,1,0
200,0,2,0,0,1,1,1,0
201,0,0,1,0,1,0,0,0
202,3,0,0,0,0,0,1,0
203,1,0,0,0,0,2,1,0
204,1,0,0,0,0,1,1,0
205,0,1,0,0,1,0,1,0
206,0,0,0,0,0,1,1,0
207,0,1,1,0,1,0,0,0
208,0,0,0,0,0,0,1,0
209,2,0,0,0,0,0,1,0
210,0,0,0,0,0,0,1,0
211,0,0,0,0,0,2,1,0
212,0,1,0,0,0,1,1,0
213,0,2,1,0,1,3,0,0
214,0,0,0,0,0,2,1,0
215,2,1,0,0,1,1,1,0
216,2,0,0,0,1,2,1,0
217,1,2,0,0,1,1,1,0
218,0,2,0,0,1,1,1,0
219,1,1,0,0,0,2,1,0
220,2,1,0,0,0,2,1,0
221,0,0,0,0,0,1,1,0
222,2,0,0,0,1,4,1,0
223,2,1,0,1,3,2,1,0
224,1,0,0,0,0,1,1,0
225,1,0,1,0,0,1,0,0
226,1,1,1,0,0,0,0,0
227,1,0,0,0,0,0,1,0
228,0,1,1,0,1,0,0,0
229,1,1,0,0,0,2,1,0
230,1,1,0,0,0,0,1,0
231,0,1,1,0,0,1,0,0
232,0,1,0,0,0,1,1,0
233,1,3,0,0,0,5,1,0
234,0,2,0,0,2,2,1,0
235,3,1,1,0,0,1,0,0
236,1,1,0,0,0,2,1,0
237,0,0,0,0,0,0,1,0
238,1,2,0,0,1,2,1,0
239,1,1,1,0,1,0,0,0
240,1,0,0,0,0,1,1,0
241,3,1,0,0,2,4,1,0
242,1,3,1,0,3,1,0,0
243,3,0,0,0,0,1,1,0
244,0,1,1,0,2,1,0,0
245,2,0,0,0,0,0,1,0
246,1,1,0,0,2,4,1,0
247,1,0,1,0,0,0,0,0
248,0,0,0,0,0,1,1,0
249,1,0,0,0,0,1,1,0
250,0,1,1,0,1,0,0,0
251,1,0,0,0,1,1,1,0
252,0,2,1,0,1,1,0,0
253,0,1,0,0,0,1,1,0
254,1,0,0,0,1,1,1,0
255,2,1,0,0,0,1,1,0
256,1,2,0,0,0,3,1,0
257,1,0,0,0,2,1,1,0
258,0,2,1,0,0,1,0,0
259,1,1,1,0,0,1,0,0
260,0,0,0,0,0,0,1,0
261,0,0,0,1,0,0,1,0
262,0,0,0,0,0,0,1,0
263,1,1,0,0,1,1,1,0
264,2,1,0,0,0,2,1,0
265,0,1,1,0,0,1,0,0
266,2,1,1,0,1,1,0,0
267,0,1,0,0,0,1,1,0
268,0,1,1,0,0,0,0,0
269,2,1,0,0,0,1,1,0
270,1,1,0,0,1,2,1,0
271,1,3,1,0,2,0,0,0
272,0,1,0,0,0,1,1,0
273,0,1,1,0,2,0,0,0
274,1,1,0,0,0,2,1,0
275,1,0,1,0,0,0,0,0
276,0,1,1,0,0,1,0,0
277,0,0,0,0,0,0,1,0
278,1,0,0,0,0,0,1,0
279,1,1,0,0,0,1,1,0
280,0,0,0,0,0,0,1,0
281,0,0,1,0,0,0,0,0
282,0,0,0,0,0,2,1,0
283,0,1,0,0,0,3,1,0
284,3,0,0,0,0,1,1,0
285,1,1,0,0,0,0,1,0
286,0,0,1,0,0,0,0,0
287,0,0,0,0,1,1,1,0
288,0,3,1,0,0,1,0,0
289,0,3,1,0,1,1,0,0
290,1,0,0,0,0,1,1,0
291,2,0,0,0,0,0,1,0
292,0,0,1,0,1,0,0,0
293,1,1,1,0,0,1,0,0
294,0,2,1,0,0,2,0,0
295,0,0,1,0,2,0,0,0
296,1,0,0,0,2,2,1,0
297,2,3,0,0,1,2,1,0
298,0,1,1,0,0,0,0,0
299,2,3,0,0,1,1,1,0
300,0,0,1,0,1,1,0,0
301,1,0,0,0,0,0,1,0
302,0,0,0,0,0,1,1,0
303,1,2,1,1,2,2,0,0
304,0,0,0,0,1,1,1,0
305,3,0,0,0,0,2,1,0
306,2,0,1,0,2,2,0,0
307,2,0,0,0,0,1,1,0
308,5,1,0,0,0,2,1,0
309,1,2,1,0,0,1,0,0
310,1,2,1,0,1,1,0,0
311,0,1,0,1,2,2,1,0
312,0,0,0,0,0,1,1,0
313,1,0,1,0,0,2,0,0
314,0,0,0,0,0,1,1,0
315,1,0,0,0,0,1,1,0
316,2,2,1,0,2,1,0,0
317,0,2,0,0,1,3,1,0
318,2,1,0,0,1,2,1,0
319,0,0,0,0,1,0,1,0
320,1,2,0,0,0,2,1,0
321,3,1,1,0,1,1,0,0
322,2,0,0,0,1,3,1,0
323,1,0,0,0,1,0,1,0
324,0,1,1,0,1,0,0,0
325,1,0,0,0,0,1,1,0
326,2,2,0,0,0,2,1,0
327,0,0,1,0,0,0,0,0
328,0,0,0,0,0,0,1,0
329,0,2,0,0,0,2,1,0
330,0,0,0,0,0,0,1,0
331,1,1,0,0,1,2,1,0
332,1,1,0,0,0,1,1,0
333,2,1,0,0,1,2,1,0
334,1,3,0,0,0,1,1,0
335,1,1,0,0,1,2,1,0
336,0,0,1,0,0,2,0,0
337,1,0,1,0,0,1,0,0
338,0,1,0,0,0,1,1,0
339,0,1,1,0,2,0,0,0
340,0,1,1,0,2,0,0,0
341,0,2,0,0,1,2,1,0
342,1,1,0,0,1,0,1,0
343,1,0,0,0,1,1,1,0
344,0,0,0,0,0,0,1,0
345,3,0,0,0,1,3,1,0
346,1,0,0,0,1,0,1,0
347,0,0,0,0,0,3,1,0
348,3,3,0,0,1,4,1,0
349,3,0,0,0,1,2,1,1
350,1,2,1,0,2,0,0,0
351,0,1,1,0,2,1,0,0
352,1,1,0,0,0,1,1,0
353,2,0,0,0,1,1,1,0
354,0,0,0,0,1,2,1,0
355,1,1,0,1,1,4,1,0
356,0,1,1,0,2,1,0,0
357,0,1,0,0,0,3,1,0
358,2,0,0,0,0,3,1,0
359,3,0,0,0,0,0,1,0
360,0,2,0,0,0,2,1,0
361,1,1,1,0,2,1,0,0
362,2,1,0,0,0,2,1,0
363,1,2,0,0,1,2,1,0
364,4,1,1,0,2,1,0,0
365,0,0,0,0,0,0,1,0
366,0,4,1,0,1,3,0,0
367,0,1,0,0,0,3,1,0
368,0,3,1,0,0,2,0,0
369,1,0,1,0,1,0,0,0
370,0,2,1,0,2,1,0,0
371,2,2,0,0,1,1,1,0
372,0,0,1,0,4,2,0,0
373,2,1,1,0,0,2,0,0
374,2,0,1,0,0,3,0,0
375,1,0,1,0,1,0,0,0
376,2,2,1,0,2,1,0,0
377,0,0,1,0,0,0,0,0
378,1,1,1,0,0,2,0,0
379,2,1,0,0,3,4,1,0
380,0,1,0,0,1,1,1,0
381,0,0,0,0,0,0,1,0
382,1,0,0,0,0,0,1,0
383,0,0,0,0,0,0,1,0
384,0,0,1,0,1,0,0,0
385,2,1,0,0,1,2,1,0
386,2,0,0,1,1,2,1,0
387,0,2,0,0,0,3,1,0
388,0,0,0,0,0,0,1,0
389,2,1,0,0,0,1,1,0
390,0,2,1,0,1,0,0,0
391,0,0,1,0,0,1,0,0
392,1,1,1,0,0,2,0,0
393,0,2,1,0,0,2,0,0
394,0,1,0,0,1,3,1,0
395,0,1,0,0,0,0,1,0
396,0,1,1,0,0,1,0,0
397,2,1,0,0,1,3,1,1
398,0,0,0,0,0,0,1,0
399,0,2,0,0,0,2,1,0
400,1,1,0,0,2,1,1,0
401,2,0,0,0,1,3,1,0
402,2,1,1,0,0,1,0,0
403,1,1,1,0,1,0,0,0
404,1,1,0,0,1,1,1,0
405,1,0,0,0,0,0,1,0
406,0,3,1,0,2,3,0,0
407,0,0,1,0,1,0,0,0
408,1,1,1,0,3,2,0,0
409,3,2,0,0,1,1,1,0
410,1,1,1,0,2,0,0,0
411,2,1,1,0,1,0,0,0
412,1,0,0,0,1,1,1,0
413,0,1,0,0,1,0,1,0
414,0,0,1,0,2,2,0,0
415,1,0,0,0,0,1,1,0
416,1,2,0,0,2,1,1,0
417,0,0,1,0,0,0,0,0
418,2,1,0,0,0,1,1,0
419,0,2,1,0,2,3,0,0
420,0,0,0,0,0,1,1,0
421,4,3,0,0,3,3,1,0
422,0,0,0,0,0,0,1,0
423,0,1,0,0,0,3,1,0
424,1,2,1,0,1,1,0,0
425,0,0,0,0,0,2,1,0
426,1,1,0,0,2,1,1,0
427,0,0,0,0,0,2,1,0
428,0,0,0,0,0,2,1,0
429,1,0,0,0,0,1,1,0
430,1,1,0,0,1,0,1,0
431,1,3,1,0,1,1,0,0
432,0,3,1,0,1,1,0,0
433,4,2,0,0,1,2,1,0
434,0,1,0,0,0,1,1,0
435,0,0,1,0,1,0,0,0
436,0,1,0,0,0,1,1,0
437,0,0,0,0,2,2,1,0
438,2,2,0,0,1,1,1,0
439,0,0,0,0,0,0,1,0
440,1,2,1,0,0,2,0,0
441,0,0,0,0,0,0,1,0
442,1,2,1,1,1,3,0,0
443,0,1,0,0,2,4,1,0
444,1,3,1,0,1,1,0,0
445,0,1,1,0,0,1,0,0
446,0,2,1,0,0,2,0,0
447,0,0,0,0,0,0,1,0
448,0,0,0,0,0,0,1,0
449,0,1,1,0,0,3,0,0
450,1,0,0,0,1,0,1,0
451,3,0,0,0,1,1,1,0
452,1,2,1,0,0,2,0,0
453,1,0,0,0,0,1,1,0
454,2,1,0,0,1,3,1,0
455,0,1,0,0,1,0,1,0
456,3,0,1,0,0,1,0,0
457,0,0,0,0,0,0,1,0
458,3,0,0,1,1,2,1,0
459,2,1,0,0,0,0,1,0
460,0,0,0,0,0,0,1,0
461,0,1,0,0,0,2,1,0
462,0,1,1,0,2,3,0,0
463,0,1,0,0,0,2,1,0
464,0,0,1,0,2,0,0,0
465,3,1,0,0,1,3,1,0
466,2,2,1,0,2,4,0,0
467,0,3,1,0,1,1,0,0
468,0,0,1,0,0,0,0,0
469,0,2,0,0,1,2,1,0
470,1,0,0,0,0,0,1,0
471,0,0,0,0,0,1,1,0
472,1,2,1,0,0,2,0,0
473,1,0,0,0,0,3,1,0
474,0,0,0,0,0,1,1,0
475,0,1,0,0,1,0,1,0
476,0,0,0,0,1,1,1,0
477,0,0,0,0,0,0,1,0
478,2,0,0,0,1,0,1,0
479,1,0,0,0,0,0,1,0
480,2,0,1,0,0,0,0,0
481,0,0,1,0,0,0,0,0
482,1,0,0,0,1,2,1,0
483,2,0,0,0,0,1,1,0
484,0,0,1,0,2,1,0,0
485,0,3,1,0,1,0,0,0
486,3,2,0,0,2,4,1,0
487,0,1,1,0,0,2,0,0
488,1,2,0,0,0,3,1,0
489,0,0,1,0,0,0,0,0
490,1,0,0,0,1,2,1,0
491,4,1,0,0,1,4,1,0
492,3,1,0,0,2,2,1,0
493,2,0,0,0,0,1,1,0
494,2,0,1,0,2,1,0,0
495,1,2,1,0,1,2,0,0
496,0,0,1,0,1,1,0,0
497,0,0,0,0,2,1,1,0
498,2,0,0,0,0,1,1,0
499,0,1,1,0,1,3,0,0
500,3,0,0,0,2,2,1,0
501,0,1,1,0,0,0,0,0
502,0,0,0,0,0,0,1,0
503,2,0,1,0,0,1,0,0
504,0,0,0,0,0,1,1,0
505,1,4,1,0,1,4,0,0
506,1,4,1,0,2,2,0,0
507,0,0,0,0,0,1,1,0
508,0,0,1,0,0,0,0,0
509,0,0,0,0,1,0,1,0
510,0,0,1,0,1,3,0,0
511,2,0,0,0,0,1,1,0
512,0,2,1,0,3,1,0,0
513,0,0,0,0,0,2,1,0
514,0,1,0,0,1,1,1,0
515,4,1,0,0,0,1,1,0
516,0,1,1,0,1,3,0,0
517,0,0,1,0,0,0,0,0
518,0,0,1,0,0,0,0,0
519,0,2,1,0,1,0,0,0
520,2,1,0,0,0,2,1,0
521,1,0,1,0,0,2,0,0
522,2,0,0,0,0,1,1,0
523,1,3,0,0,1,1,1,0
524,1,1,1,0,1,1,0,0
525,1,2,1,0,1,1,0,1
526,0,1,0,1,1,1,1,0
527,0,2,0,0,1,4,1,0
528,0,1,0,0,1,2,1,0
529,0,0,0,0,1,1,1,0
530,1,0,0,0,0,2,1,0
531,0,0,1,0,0,0,0,0
532,0,1,0,0,0,3,1,0
533,1,1,0,0,2,1,1,0
534,2,4,1,0,0,2,0,0
535,0,3,1,0,2,3,0,0
536,1,0,0,0,3,1,1,0
537,1,1,1,0,0,1,0,1
538,1,0,0,1,1,3,1,0
539,0,0,0,0,0,0,1,0
540,0,0,0,0,0,2,1,0
541,1,0,0,0,0,0,1,0
542,0,0,0,0,0,1,1,0
543,0,1,1,0,0,1,0,0
544,0,0,0,0,0,0,1,0
545,0,1,0,0,0,1,1,0
546,0,2,1,0,1,0,0,0
547,0,1,0,0,2,3,1,0
548,1,0,1,0,1,1,0,0
549,1,1,0,0,2,2,1,0
550,1,0,0,0,0,1,1,0
551,0,1,1,0,0,2,0,0
552,0,0,0,1,0,0,1,0
553,1,0,0,0,0,1,1,1
554,1,2,0,0,0,1,1,1
555,0,0,0,0,0,1,1,0
556,0,1,0,0,0,2,1,0
557,4,2,0,0,3,2,1,0
558,0,2,1,0,2,1,0,0
559,2,0,1,1,2,1,0,0
560,1,1,0,0,1,4,1,0
561,0,3,1,0,0,2,0,0
562,1,1,0,0,0,2,1,0
563,1,2,0,0,1,1,1,0
564,1,1,0,0,0,1,1,0
565,1,2,0,0,2,3,1,0
566,1,1,0,0,1,0,1,0
567,1,2,0,0,2,2,1,0
568,2,3,1,0,1,0,0,0
569,0,1,1,0,2,1,0,0
570,2,1,1,0,1,1,0,0
571,1,1,0,0,0,2,1,0
572,1,2,1,0,1,1,0,0
573,0,1,0,0,0,2,1,0
574,0,4,1,0,2,3,0,0
575,0,0,1,0,0,0,0,0
576,1,0,1,0,1,0,0,0
577,2,0,0,0,0,1,1,0
578,1,1,0,0,2,2,1,0
579,1,1,0,0,0,1,1,0
580,0,2,1,0,0,1,0,0
581,1,3,1,0,0,1,0,0
582,0,0,1,0,1,3,0,0
583,1,2,1,0,0,0,0,0
584,1,0,0,0,0,3,1,0
585,3,3,0,0,0,2,1,0
586,0,2,1,0,0,1,0,0
587,2,2,1,0,1,2,0,0
588,0,0,0,0,0,0,1,0
589,2,2,0,0,1,2,1,0
590,0,2,0,0,0,1,1,0
591,1,0,0,0,0,0,1,0
592,0,0,1,0,1,1,0,0
593,1,0,0,0,0,0,1,0
594,1,3,1,0,0,0,0,0
595,0,0,1,0,0,0,0,0
596,0,0,0,0,0,0,1,0
597,2,0,0,1,0,1,1,0
598,0,1,1,0,1,0,0,0
599,1,0,0,0,0,1,1,0
600,0,1,0,0,0,1,1,0
601,0,1,1,0,1,1,0,0
602,0,0,1,0,0,0,0,0
603,2,0,1,0,2,0,0,0
604,2,1,1,0,0,1,0,0
605,1,0,1,0,0,0,0,0
606,1,1,0,0,0,1,1,0
607,1,1,0,0,1,2,1,0
608,3,3,0,0,1,2,1,0
609,1,0,0,0,0,0,1,0
610,0,0,0,1,1,3,1,0
611,0,0,1,0,0,0,0,0
612,1,1,0,0,1,4,1,0
613,2,2,1,0,0,1,0,0
614,0,0,1,0,0,0,0,0
615,1,0,0,0,0,0,1,0
616,3,0,0,0,1,3,1,0
617,0,1,1,0,0,2,0,0
618,0,1,0,0,0,2,1,0
619,1,3,1,0,1,0,0,0
620,0,1,1,0,1,1,0,0
621,0,2,1,0,0,1,0,1
622,4,0,0,0,1,2,1,0
623,0,0,0,0,2,3,1,0
624,0,1,0,0,1,1,1,0
625,0,0,0,0,0,0,1,0
626,0,0,1,0,0,0,0,0
627,0,1,0,0,0,1,1,0
628,1,1,1,0,0,0,0,0
629,0,0,0,0,0,1,1,0
630,0,0,1,0,0,0,0,0
631,0,4,1,0,2,0,0,0
632,1,0,0,0,0,0,1,0
633,1,1,1,0,1,0,0,0
634,0,0,1,0,3,0,0,0
635,0,0,0,0,0,1,1,0
636,0,1,1,0,0,0,0,0
637,0,0,0,0,0,1,1,0
638,2,0,0,0,0,0,1,0
639,0,0,0,0,0,0,1,0
640,1,1,0,0,0,3,1,0
641,1,1,0,0,0,3,1,0
642,1,0,0,0,1,0,1,0
643,0,0,0,0,0,0,1,0
644,0,0,1,0,0,0,0,0
645,0,2,1,0,2,0,0,0
646,1,0,0,0,0,0,1,0
647,0,0,0,0,1,0,1,0
648,2,3,1,0,1,1,0,0
649,2,0,0,0,0,1,1,0
650,0,1,1,0,1,0,0,0
651,0,0,0,0,0,0,1,0
652,0,0,0,0,0,4,1,0
653,0,2,0,0,3,2,1,0
654,1,0,1,0,0,2,0,0
655,0,2,0,0,0,1,1,0
656,0,1,1,0,1,1,0,0
657,0,2,1,0,1,2,0,0
658,1,3,0,0,0,3,1,0
659,2,0,0,0,1,1,1,0
660,3,2,0,0,2,3,1,0
661,2,3,1,0,0,3,0,0
662,0,0,1,1,2,1,0,0
663,0,1,0,0,1,2,1,0
664,1,1,0,0,0,3,1,0
665,2,0,0,0,0,0,1,0
666,1,1,1,0,0,2,0,0
667,0,0,0,0,0,2,1,0
668,0,2,0,0,0,2,1,0
669,0,1,1,0,0,2,0,0
670,0,0,1,0,0,0,0,0
671,1,3,0,0,1,1,1,0
672,3,2,0,0,1,2,1,0
673,0,0,0,0,0,1,1,0
674,0,1,0,0,1,2,1,0
675,1,0,1,0,0,0,0,0
676,0,0,0,0,0,0,1,0
677,0,0,1,0,0,1,0,0
678,0,0,0,0,0,0,1,0
679,1,0,1,0,1,0,0,0
680,0,0,0,0,0,1,1,0
681,1,2,1,0,1,1,0,0
682,0,0,0,0,0,2,1,0
683,2,1,1,0,0,2,0,0
684,2,2,0,0,0,0,1,0
685,1,0,0,0,0,1,1,0
686,0,0,0,0,0,1,1,0
687,2,0,0,0,0,1,1,0
688,0,0,1,0,0,0,0,0
689,1,2,1,0,2,3,0,0
690,3,2,1,0,0,0,0,0
691,3,0,1,0,2,1,0,0
692,1,1,0,0,0,1,1,0
693,1,0,0,0,0,0,1,0
694,2,1,0,0,0,0,1,0
695,0,1,1,1,1,0,0,0
696,0,0,1,0,0,0,0,0
697,2,1,0,0,1,1,1,0
698,0,1,0,0,0,3,1,0
699,0,0,0,0,0,0,1,0
700,1,2,0,0,1,0,1,0
701,0,0,1,0,0,1,0,0
702,0,0,1,0,0,1,0,0
703,0,0,1,0,1,0,0,0
704,0,0,0,0,0,0,1,0
705,0,0,0,0,0,0,1,0
706,1,1,0,0,0,0,1,0
707,2,2,0,0,1,1,1,0
708,1,2,0,0,0,1,1,0
709,4,3,0,0,2,3,1,0
710,1,0,0,0,0,1,1,0
711,0,0,0,0,2,1,1,0
712,0,0,0,0,1,0,1,0
713,0,2,1,0,2,0,0,0
714,0,2,1,0,1,0,0,0
715,0,1,0,0,0,2,1,0
716,0,0,0,0,1,1,1,0
717,1,0,1,0,0,0,0,0
718,1,1,0,0,1,1,1,0
719,0,0,1,0,1,2,0,0
720,0,0,1,0,0,0,0,0
721,0,2,0,0,0,2,1,0
722,0,1,0,0,0,0,1,0
723,1,0,0,0,1,2,1,0
724,0,0,1,0,0,0,0,0
725,2,0,1,0,0,0,0,0
726,1,2,1,0,1,2,0,0
727,3,2,1,0,0,1,0,0
728,1,1,0,0,0,0,1,0
729,1,1,1,0,0,0,0,0
730,0,1,0,0,0,2,1,0
731,0,2,0,0,0,2,1,0
732,0,2,1,0,2,1,0,0
733,0,0,1,0,0,0,0,0
734,2,0,0,0,1,3,1,0
735,1,0,0,0,1,1,1,0
736,1,2,1,0,1,2,0,0
737,1,1,1,0,0,0,0,1
738,2,0,0,0,0,2,1,0
739,1,0,1,0,2,0,0,0
740,0,3,0,0,3,0,1,0
741,0,0,1,0,1,0,0,0
742,0,2,1,0,1,1,0,0
743,0,0,1,0,0,0,0,0
744,2,0,0,0,0,2,1,0
745,1,0,0,0,0,0,1,0
746,0,1,0,0,0,3,1,0
747,2,1,0,0,1,1,1,0
748,0,1,0,0,2,2,1,0
749,2,1,0,0,0,2,1,0
750,0,0,0,0,0,2,1,0
751,2,1,0,0,0,1,1,0
752,1,1,0,0,1,0,1,0
753,0,0,1,0,0,0,0,0
754,4,1,0,0,4,1,1,0
755,1,0,0,0,0,1,1,0
756,0,0,1,0,0,0,0,0
757,0,1,0,0,0,2,1,0
758,0,4,0,0,0,1,1,0
759,0,0,1,0,0,1,0,0
760,1,1,0,0,2,2,1,0
761,2,3,0,0,1,0,1,0
762,2,0,0,0,1,2,1,0
763,1,0,0,0,0,1,1,0
764,0,0,0,0,0,0,1,0
765,0,1,1,0,1,1,0,0
766,1,2,1,0,2,3,0,0
767,0,1,1,0,1,1,0,0
768,0,1,0,0,0,4,1,0
769,3,2,1,0,2,1,0,0
770,0,0,0,0,0,1,1,0
771,0,3,0,0,1,3,1,0
772,3,1,0,0,1,1,1,0
773,1,2,0,0,0,3,1,0
774,3,1,0,0,3,1,1,0
775,1,0,0,0,0,0,1,0
776,1,1,0,0,1,2,1,0
777,3,1,0,0,0,3,1,0
778,1,1,1,0,1,3,0,0
779,2,3,0,0,4,2,1,0
780,0,2,0,0,0,2,1,0
781,2,1,0,0,0,3,1,0
782,2,1,0,0,0,3,1,0
783,2,0,0,0,1,2,1,0
784,2,2,1,0,1,0,0,0
785,1,1,0,0,0,1,1,0
786,1,1,1,0,1,2,0,0
787,1,1,0,0,0,3,1,0
788,2,1,0,0,1,1,1,0
789,1,0,0,0,0,0,1,0
790,2,2,0,0,1,4,1,0
791,1,2,0,0,0,0,1,0
792,0,2,1,0,1,1,0,0
793,1,0,0,0,0,0,1,0
794,1,1,0,0,0,2,1,0
795,0,1,1,0,0,1,0,0
796,0,0,0,0,0,2,1,0
797,1,2,1,0,2,3,0,0
798,0,0,0,0,0,0,1,0
799,0,0,1,0,1,1,0,0
800,1,2,0,0,1,1,1,0
801,1,3,1,0,1,5,0,0
802,2,0,0,0,1,1,1,0
803,0,0,0,0,0,1,1,0
804,2,1,1,0,2,0,0,0
805,2,1,1,0,0,0,0,0
806,1,0,1,0,1,0,0,0
807,1,3,0,0,0,3,1,0
808,0,0,0,0,0,2,1,0
809,0,1,1,0,0,1,0,0
810,5,2,0,0,2,4,1,0
811,3,5,1,0,4,3,0,0
812,2,0,0,0,0,2,1,0
813,0,2,0,0,2,1,1,0
814,0,0,0,0,0,0,1,0
815,0,2,0,0,0,1,1,0
816,2,1,0,0,2,1,1,0
817,1,1,0,0,1,2,1,0
818,1,0,0,0,0,2,1,0
819,0,0,0,0,1,1,1,0
820,1,2,1,0,1,1,0,0
821,1,2,0,0,0,1,1,0
822,1,4,0,0,1,3,1,0
823,4,1,0,0,1,3,1,0
824,0,2,0,0,0,2,1,1
825,2,2,0,0,1,4,1,0
826,1,1,1,0,0,0,0,0
827,1,1,0,0,0,1,1,0
828,0,0,0,0,0,1,1,0
829,0,1,1,0,2,1,0,0
830,1,4,0,0,0,3,1,0
831,0,0,1,0,1,0,0,0
832,0,1,0,0,0,1,1,0
833,2,2,0,0,3,4,1,0
834,1,3,0,0,1,2,1,0
835,1,1,1,0,0,1,0,0
836,0,1,1,0,1,1,0,0
837,2,0,0,0,0,2,1,0
838,1,1,0,0,0,1,1,0
839,0,3,1,0,1,1,0,0
840,1,2,1,0,1,0,0,0
841,2,3,1,0,3,1,0,0
842,0,2,1,0,1,4,0,0
843,2,2,1,0,1,3,0,0
844,1,2,0,0,0,3,1,0
845,0,1,0,0,0,4,1,0
846,2,0,0,0,0,1,1,0
847,0,1,1,0,1,1,0,0
848,2,1,0,0,1,2,1,0
849,0,2,1,0,0,1,0,0
850,0,2,1,0,1,1,0,0
851,0,0,0,0,2,0,1,0
852,0,1,1,0,1,2,0,0
853,1,0,0,0,2,2,1,0
854,1,0,0,0,2,2,1,0
855,1,3,0,0,1,3,1,0
856,2,0,0,0,0,1,1,0
857,0,1,1,0,1,1,0,0
858,2,0,0,0,0,3,1,0
859,1,1,1,0,0,0,0,0
860,1,1,1,0,1,2,0,0
861,1,0,0,0,0,1,1,0
862,2,0,0,0,1,2,1,0
863,0,0,1,0,1,0,0,0
864,5,2,0,1,3,2,1,0
865,0,0,0,0,0,1,1,0
866,1,1,1,0,3,1,0,0
867,1,1,1,0,1,3,0,0
868,1,1,0,0,1,0,1,0
869,0,1,0,0,0,2,1,0
870,0,1,0,0,0,1,1,0
871,1,2,0,0,0,4,1,0
872,3,0,0,0,0,1,1,0
873,0,0,1,0,0,0,0,0
874,1,2,1,0,1,1,0,0
875,0,0,0,0,1,2,1,0
876,0,1,1,0,2,1,0,0
877,1,1,0,0,2,1,1,0
878,0,0,0,0,0,1,1,0
879,1,2,0,0,0,1,1,0
880,1,1,1,0,0,0,0,0
881,1,1,0,0,0,2,1,0
882,1,4,0,0,0,5,1,0
883,0,1,1,0,0,0,0,0
884,2,2,0,0,0,1,1,0
885,2,1,0,0,0,3,1,0
886,3,2,0,0,0,4,1,0
887,0,0,1,0,1,1,0,0
888,0,2,0,0,1,1,1,0
889,0,0,1,0,0,0,0,0
890,1,4,0,0,2,3,1,0
891,1,2,1,0,1,2,0,0
892,1,2,0,0,0,3,1,0
893,1,2,0,0,2,2,1,0
894,1,2,0,1,1,0,1,0
895,0,0,0,0,0,0,1,0
896,2,1,1,0,0,2,0,0
897,0,1,0,0,0,1,1,0
898,1,4,1,0,3,2,0,0
899,0,1,1,0,2,1,0,0
900,0,0,0,0,0,2,1,0
901,0,0,0,0,0,0,1,0
902,2,0,1,0,5,2,0,0
903,1,1,0,0,0,2,1,0
904,2,3,1,0,3,0,0,0
905,4,0,1,0,3,0,0,0
906,0,0,0,0,0,2,1,0
907,1,0,0,0,0,2,1,0
908,1,0,0,0,0,1,1,0
909,5,2,0,0,1,0,1,0
910,0,0,0,0,0,1,1,0
911,0,0,0,0,0,0,1,0
912,0,3,1,0,3,0,0,0
913,3,0,1,0,2,1,0,0
914,0,0,1,0,0,0,0,0
915,0,0,1,0,0,0,0,0
916,0,2,0,0,0,2,1,0
917,2,1,0,0,1,2,1,0
918,3,1,0,0,0,2,1,0
919,1,1,0,0,1,1,1,0
920,1,3,1,0,1,1,0,0
921,1,1,0,0,0,1,1,0
922,1,2,1,0,1,4,0,0
923,2,4,0,0,0,3,1,1
924,1,1,0,0,2,2,1,0
925,0,0,1,0,2,0,0,0
926,1,1,0,1,1,2,1,0
927,0,2,0,0,0,2,1,0
928,2,0,0,0,0,1,1,0
929,3,2,0,0,1,1,1,0
930,0,0,0,0,0,0,1,0
931,0,2,0,1,2,2,1,0
932,0,1,0,0,1,1,1,0
933,0,0,0,0,1,0,1,0
934,1,2,1,0,0,3,0,0
935,1,2,1,0,2,2,0,1
936,1,0,0,0,0,1,1,0
937,1,1,0,0,1,0,1,0
938,4,1,0,0,0,2,1,0
939,0,0,0,0,1,1,1,0
940,2,1,1,0,2,1,0,0
941,0,0,1,0,2,2,0,0
942,0,0,0,0,0,1,1,0
943,1,2,1,0,1,0,0,0
944,0,0,0,0,0,2,1,0
945,0,2,1,0,1,2,0,0
946,1,1,0,0,2,4,1,0
947,0,0,1,0,2,1,0,0
948,1,1,1,0,0,2,0,0
949,2,1,1,0,0,1,0,0
950,1,1,0,0,0,1,1,0
951,0,0,1,0,0,0,0,0
952,2,0,0,0,1,1,1,0
953,1,0,1,0,0,0,0,0
954,1,2,1,0,2,2,0,0
955,2,1,1,0,1,5,0,0
956,0,0,1,0,3,2,0,0
957,2,2,0,0,1,2,1,0
958,0,1,1,0,0,0,0,0
959,0,1,1,0,1,1,0,0
960,1,0,0,0,0,0,1,0
961,1,1,1,0,1,2,0,0
962,1,3,1,0,1,1,0,0
963,1,2,1,1,2,1,0,0
964,5,0,0,0,0,1,1,0
965,3,0,0,0,1,0,1,0
966,0,0,1,0,0,0,0,0
967,0,1,0,0,1,2,1,0
968,2,1,1,0,1,0,0,0
969,2,2,0,0,2,4,1,0
970,2,3,0,0,1,1,1,0
971,0,2,1,0,1,0,0,0
972,1,3,1,0,1,2,0,0
973,1,1,1,0,1,1,0,0
974,0,0,1,0,0,2,0,1
975,1,0,0,0,0,0,1,0
976,0,1,0,0,0,0,1,0
977,0,0,0,0,0,1,1,0
978,1,2,1,0,1,0,0,0
979,0,2,1,0,1,2,0,0
980,1,0,0,0,1,0,1,0
981,2,0,0,0,0,1,1,0
982,1,0,0,0,0,1,1,0
983,0,2,1,0,2,1,0,0
984,0,0,1,0,1,0,0,0
985,0,0,0,0,0,1,1,0
986,1,1,0,0,1,1,1,0
987,0,2,0,1,3,2,1,0
988,1,1,0,0,1,2,1,0
989,0,1,0,0,1,1,1,0
990,1,2,1,0,1,3,0,0
991,2,1,0,0,0,1,1,0
992,1,0,0,0,1,2,1,0
993,1,1,1,0,3,1,0,0
994,2,1,0,0,1,3,1,0
995,0,3,1,0,4,1,0,0
996,0,2,0,0,2,3,1,0
997,1,1,0,0,3,1,1,0
998,3,1,0,0,2,1,1,0
999,2,0,0,0,0,1,1,0
1000,0,0,0,0,0,1,1,0
1001,0,1,0,0,2,1,1,0
1002,4,0,0,0,2,2,1,0
1003,4,1,0,0,0,0,1,1
1004,0,1,1,0,2,0,0,0
1005,1,2,1,0,0,2,0,0
1006,1,1,0,0,0,3,1,0
1007,0,0,0,0,1,2,1,0
1008,3,1,0,0,2,1,1,1
1009,0,4,1,0,0,2,0,0
1010,2,1,0,0,1,3,1,0
1011,1,2,0,0,0,1,1,0
1012,2,2,1,0,2,1,0,0
1013,2,2,1,0,0,1,0,0
1014,0,4,1,0,2,1,0,0
1015,1,1,1,0,1,1,0,0
1016,3,2,0,0,1,4,1,0
1017,0,0,1,0,2,0,0,0
1018,0,0,0,0,1,1,1,0
1019,1,1,1,0,0,3,0,0
1020,3,1,0,0,1,1,1,0
1021,0,1,1,0,0,0,0,0
1022,4,2,0,0,0,2,1,0
1023,1,1,1,0,0,3,0,0
1024,2,2,0,0,0,4,1,0
1025,0,0,0,0,0,0,1,0
1026,1,1,1,0,0,0,0,0
1027,2,0,0,0,0,0,1,0
1028,0,0,1,0,0,2,0,0
1029,0,0,0,0,0,1,1,0
1030,3,1,1,0,1,1,0,0
1031,0,3,0,0,0,3,1,0
1032,0,0,0,0,0,0,1,0
1033,0,2,1,0,0,6,0,0
1034,1,0,1,0,1,1,0,0
1035,0,1,1,0,0,2,0,0
1036,2,2,0,0,1,2,1,0
1037,1,2,0,0,1,2,1,0
1038,1,1,1,0,1,3,0,1
1039,1,2,0,0,2,2,1,0
1040,0,1,1,0,1,2,0,0
1041,1,1,0,0,1,0,1,0
1042,0,2,1,0,0,0,0,0
1043,2,1,0,0,0,2,1,0
1044,1,2,1,0,1,0,0,0
1045,1,1,1,0,1,2,0,0
1046,1,2,0,0,0,2,1,0
1047,0,1,1,0,1,0,0,0
1048,2,0,0,0,0,0,1,0
1049,1,2,0,0,0,0,1,0
1050,0,1,1,0,1,0,0,0
1051,0,2,1,0,1,1,0,0
1052,0,3,1,0,2,2,0,0
1053,2,1,0,0,0,1,1,0
1054,0,0,0,0,0,0,1,0
1055,0,1,1,0,0,2,0,1
1056,4,0,0,0,1,2,1,0
1057,3,0,0,0,0,5,1,0
1058,2,2,1,0,1,1,0,0
1059,1,3,1,0,0,1,0,0
1060,2,0,0,0,2,2,1,0
1061,1,0,0,0,0,1,1,0
1062,1,1,0,0,0,0,1,0
1063,1,3,1,0,2,2,0,0
1064,1,0,1,0,0,1,0,0
1065,0,0,0,0,0,1,1,0
1066,0,0,0,0,0,0,1,0
1067,2,0,0,0,2,0,1,0
1068,0,0,1,0,0,0,0,0
1069,0,1,1,0,0,1,0,0
1070,0,0,1,0,0,0,0,0
1071,4,2,0,0,1,1,1,0
1072,0,0,0,0,0,1,1,0
1073,2,2,0,0,0,3,1,0
1074,0,0,0,0,0,0,1,0
1075,0,1,0,0,2,2,1,0
1076,0,2,0,0,2,2,1,0
1077,1,1,0,0,0,2,1,0
1078,2,0,0,0,1,1,1,0
1079,0,3,1,0,0,2,0,0
1080,0,2,1,0,2,0,0,0
1081,0,1,0,0,1,1,1,0
1082,1,2,1,0,0,2,0,0
1083,0,0,1,0,1,0,0,0
1084,0,0,0,0,0,0,1,0
1085,0,0,1,0,1,0,0,0
1086,0,0,0,0,2,2,1,0
1087,2,1,0,0,0,0,1,0
1088,5,0,1,0,0,1,0,0
1089,0,0,0,0,0,0,1,0
1090,0,0,0,0,1,1,1,0
1091,0,0,0,0,0,0,1,0
1092,0,0,1,0,0,0,0,0
1093,1,2,0,0,0,2,1,0
1094,1,2,1,0,3,2,0,0
1095,0,0,0,0,1,0,1,0
1096,1,0,0,0,1,0,1,0
1097,0,0,0,0,0,1,1,0
1098,0,0,0,0,1,1,1,0
1099,0,1,0,0,2,1,1,0
1100,0,0,0,0,2,0,1,0
1101,1,1,0,0,0,4,1,0
1102,1,4,0,0,1,1,1,0
1103,2,4,1,0,0,1,0,0
1104,1,2,0,0,0,2,1,0
1105,2,0,0,1,0,2,1,0
1106,1,0,1,0,1,0,0,0
1107,1,2,0,0,0,3,1,0
1108,2,2,1,0,1,3,0,0
1109,2,0,0,0,0,0,1,0
1110,0,0,1,0,0,3,0,0
1111,0,1,1,0,0,1,0,0
1112,2,3,0,0,2,2,1,0
1113,0,2,1,0,0,1,0,0
1114,4,2,0,0,2,1,1,0
1115,2,0,0,0,3,4,1,0
1116,0,0,1,0,0,1,0,0
1117,0,0,0,1,0,0,1,0
1118,0,4,1,0,0,0,0,0
1119,3,1,1,0,1,4,0,0
1120,1,1,0,0,1,2,1,0
1121,1,0,0,0,1,0,1,0
1122,1,1,0,0,0,3,1,0
1123,4,1,0,0,0,2,1,0
1124,0,2,0,0,0,2,1,0
1125,0,1,1,0,1,2,0,0
1126,0,2,1,0,1,3,0,0
1127,0,1,1,0,1,1,0,0
1128,1,0,0,0,1,0,1,0
1129,2,2,0,0,0,3,1,0
1130,0,1,1,0,1,2,0,0
1131,0,0,1,0,0,0,0,0
1132,1,4,1,0,3,5,0,0
1133,2,6,1,0,1,2,0,0
1134,1,0,0,0,0,1,1,0
1135,0,1,1,0,4,2,0,0
1136,0,0,0,0,0,2,1,0
1137,2,1,0,0,1,1,1,0
1138,1,2,0,0,1,1,1,0
1139,0,0,1,0,1,0,0,0
1140,0,0,1,0,0,0,0,0
1141,0,1,0,0,0,2,1,0
1142,1,1,0,0,3,4,1,0
1143,1,2,1,0,0,3,0,0
1144,2,0,0,0,1,0,1,0
1145,0,2,1,0,2,1,0,0
1146,1,3,0,0,2,2,1,0
1147,0,1,0,0,1,0,1,0
1148,1,0,0,0,2,2,1,0
1149,0,0,1,0,2,1,0,0
1150,0,1,1,0,0,1,0,0
1151,1,1,0,0,1,1,1,0
1152,0,2,1,0,3,2,0,0
1153,0,1,0,0,0,3,1,0
1154,1,4,1,0,0,3,0,0
1155,1,0,0,0,1,2,1,0
1156,1,0,0,1,2,3,1,0
1157,0,0,0,0,1,3,1,0
1158,3,4,1,0,0,1,0,0
1159,1,3,0,0,0,3,1,0
1160,2,0,0,0,0,1,1,0
1161,4,3,0,0,3,3,1,0
1162,0,0,0,0,0,1,1,0
1163,0,2,1,0,0,1,0,0
1164,2,1,1,0,0,4,0,0
1165,1,4,0,0,1,3,1,0
1166,2,1,0,0,1,0,1,0
1167,1,1,0,0,1,2,1,0
1168,0,1,0,0,0,3,1,0
1169,0,1,0,0,0,2,1,0
1170,0,3,1,0,0,4,0,0
1171,0,1,1,0,1,1,0,0
1172,4,2,0,0,0,3,1,0
1173,2,2,1,0,3,1,0,0
1174,1,2,1,0,0,0,0,0
1175,1,0,1,0,0,2,0,0
1176,0,1,1,0,1,2,0,0
1177,2,2,0,0,1,4,1,0
1178,1,1,1,0,2,4,0,0
1179,1,1,0,0,2,1,1,0
1180,2,1,1,0,0,2,0,0
1181,1,3,0,0,0,1,1,0
1182,1,3,1,0,1,3,0,0
1183,0,1,0,0,1,3,1,0
1184,0,3,0,0,0,3,1,0
1185,1,2,1,0,0,1,0,0
1186,3,0,0,0,0,0,1,0
1187,0,2,0,0,1,2,1,0
1188,1,4,1,0,0,1,0,0
1189,1,0,0,0,1,3,1,0
1190,1,2,0,0,0,3,1,0
1191,2,4,1,0,1,5,0,1
1192,2,1,1,0,0,2,0,0
1193,0,2,0,0,1,3,1,0
1194,1,4,0,0,1,2,1,0
1195,0,3,1,0,1,4,0,0
1196,1,2,0,0,0,1,1,0
1197,1,1,0,0,0,3,1,0
1198,1,2,1,0,1,1,0,0
1199,1,2,0,0,0,3,1,0
1200,0,2,0,0,1,4,1,0
1201,1,3,0,0,1,2,1,0
1202,1,1,1,0,1,1,0,0
1203,1,0,1,0,0,0,0,0
1204,0,0,0,0,0,2,1,0
1205,0,0,1,0,0,0,0,0
1206,4,1,0,0,0,4,1,0
1207,1,2,1,0,2,3,0,0
1208,1,2,1,0,1,3,0,0
1209,1,3,0,0,0,0,1,0
1210,1,2,1,0,1,1,0,0
1211,0,4,1,0,1,3,0,0
1212,0,3,0,0,2,4,1,0
1213,2,2,1,0,1,4,0,0
1214,0,0,0,0,0,1,1,0
1215,1,2,1,0,0,1,0,0
1216,0,1,0,0,0,0,1,0
1217,2,1,0,0,0,0,1,0
1218,0,0,1,0,0,1,0,0
1219,0,0,0,0,1,2,1,0
1220,0,2,0,0,1,3,1,1
1221,1,3,0,0,3,2,1,0
1222,1,3,0,0,2,3,1,0
1223,1,2,1,0,0,1,0,0
1224,4,1,0,0,1,2,1,0
1225,0,1,1,0,0,0,0,0
1226,2,2,0,0,0,4,1,0
1227,1,0,0,0,1,1,1,0
1228,3,1,0,0,0,2,1,0
1229,1,2,1,0,0,0,0,0
1230,2,2,0,0,0,5,1,0
1231,1,1,0,0,1,2,1,0
1232,1,2,1,0,1,2,0,0
1233,1,1,0,0,0,1,1,0
1234,0,2,1,0,1,1,0,0
1235,1,2,0,0,0,5,1,0
1236,0,0,1,0,0,0,0,0
1237,3,0,0,0,0,2,1,0
1238,2,1,0,0,1,5,1,0
1239,0,2,0,0,0,3,1,0
1240,0,3,1,0,0,2,0,0
1241,2,2,1,0,1,2,0,0
1242,1,2,1,0,1,1,0,0
1243,1,0,0,0,0,4,1,0
1244,1,0,1,0,2,4,0,0
1245,0,1,1,0,0,3,0,0
1246,1,1,1,0,0,1,0,0
1247,0,0,1,0,0,0,0,0
1248,0,0,1,0,0,0,0,0
1249,1,2,1,0,0,2,0,0
1250,0,2,1,0,2,3,0,0
1251,4,2,0,0,2,4,1,0
1252,1,0,0,0,0,1,1,0
1253,1,3,1,0,0,2,0,0
1254,2,3,1,0,2,3,0,0
1255,1,1,0,0,0,1,1,0
1256,1,0,0,0,0,3,1,0
1257,0,0,0,0,0,0,1,0
1258,0,1,1,0,0,0,0,0
1259,1,1,1,0,1,3,0,0
1260,0,3,1,0,3,2,0,0
1261,2,3,1,0,1,1,0,0
1262,1,2,0,0,0,2,1,0
1263,0,0,0,0,1,1,1,0
1264,0,1,1,0,0,2,0,0
1265,0,2,0,0,2,2,1,0
1266,1,2,0,0,1,4,1,0
1267,2,1,1,0,0,1,0,0
1268,0,0,0,0,1,2,1,0
1269,0,1,1,0,2,3,0,0
1270,2,1,1,0,0,0,0,0
1271,2,0,0,0,1,1,1,0
1272,0,2,1,0,0,5,0,0
1273,2,2,0,0,0,2,1,0
1274,2,1,1,0,1,3,0,0
1275,1,2,0,0,0,2,1,0
1276,1,1,0,0,0,2,1,0
1277,1,1,1,0,1,1,0,0
1278,0,3,1,0,0,2,0,0
1279,0,2,0,0,0,2,1,0
1280,0,1,0,0,1,2,1,0
1281,1,2,0,0,3,3,1,0
1282,1,0,0,0,0,2,1,0
1283,3,1,0,0,0,4,1,0
1284,1,1,1,0,0,4,0,0
1285,2,4,1,0,1,1,0,0
1286,2,3,1,0,2,1,0,0
1287,3,2,0,0,1,1,1,0
1288,1,2,1,0,2,1,0,0
1289,0,2,1,0,1,3,0,0
1290,1,1,0,0,0,1,1,0
1291,0,0,0,0,0,2,1,0
1292,1,1,1,0,1,1,0,0
1293,0,0,1,0,0,1,0,0
1294,0,0,0,0,0,0,1,0
1295,0,0,1,0,0,0,0,0
1296,0,2,0,0,0,2,1,0
1297,2,0,0,0,0,1,1,0
1298,1,1,0,0,2,3,1,0
1299,1,7,1,0,1,2,0,0
1300,1,2,1,0,1,4,0,0
1301,1,0,1,0,0,0,0,0
1302,1,0,0,0,0,5,1,0
1303,0,2,0,0,0,0,1,0
1304,3,2,0,0,0,3,1,0
1305,2,1,1,0,2,1,0,0
1306,0,4,1,0,0,6,0,0
1307,0,3,1,0,2,3,0,0
1308,1,2,1,0,0,3,0,0
1309,0,1,1,0,2,1,0,1
1310,0,0,0,0,0,1,1,0
1311,0,1,1,0,0,0,0,0
1312,0,2,0,0,0,4,1,0
1313,0,2,0,0,1,1,1,0
1314,0,2,1,0,0,0,0,0
1315,0,1,1,0,1,3,0,0
1316,0,0,0,0,0,4,1,0
1317,0,1,1,0,0,2,0,0
1318,1,1,1,0,2,1,0,0
1319,1,2,0,0,0,3,1,0
1320,1,0,0,0,2,4,1,0
1321,1,0,0,0,0,1,1,0
1322,0,0,0,0,0,1,1,0
1323,2,0,0,0,1,1,1,0
1324,2,0,0,2,0,3,1,0
1325,1,3,1,0,1,1,0,0
1326,1,1,0,0,1,2,1,0
1327,1,2,1,0,2,1,0,0
1328,3,2,0,0,0,1,1,0
1329,1,2,0,0,0,3,1,0
1330,1,0,1,0,1,2,0,0
1331,0,1,0,0,0,1,1,0
1332,3,2,0,0,2,1,1,0
1333,1,0,0,0,0,1,1,0
1334,0,1,1,0,0,3,0,0
1335,2,3,0,0,1,3,1,0
1336,0,4,1,0,1,5,0,0
1337,1,1,1,0,1,3,0,0
1338,0,1,1,0,0,0,0,0
1339,0,1,0,0,0,1,1,0
1340,0,1,0,0,0,2,1,0
1341,1,2,0,0,2,3,1,0
1342,0,0,1,0,1,3,0,0
1343,1,1,1,0,5,1,0,0
1344,2,1,0,0,0,3,1,0
1345,2,4,1,0,2,1,0,0
1346,2,3,0,0,1,4,1,0
1347,0,1,0,0,0,1,1,0
1348,2,2,1,0,0,2,0,0
1349,0,6,1,0,1,4,0,0
1350,0,0,1,0,1,3,0,0
1351,1,1,0,0,0,4,1,0
1352,4,1,0,0,1,1,1,0
1353,0,3,0,0,0,1,1,0
1354,0,0,1,0,0,3,0,0
1355,0,4,1,0,0,2,0,0
1356,0,1,1,0,0,0,0,0
1357,2,0,0,0,1,1,1,0
1358,2,1,0,0,0,0,1,0
1359,1,3,0,0,0,3,1,0
1360,0,3,1,0,1,1,0,0
1361,1,0,0,0,0,0,1,0
1362,1,2,0,0,2,1,1,0
1363,0,2,0,0,0,2,1,0
1364,1,2,0,0,0,2,1,0
1365,0,0,1,0,0,0,0,0
1366,2,1,1,0,2,1,0,0
1367,0,1,0,0,0,2,1,0
1368,0,2,0,0,0,2,1,0
1369,0,3,1,0,1,2,0,0
1370,1,2,0,0,1,3,1,1
1371,0,0,0,0,0,1,1,0
1372,0,1,0,0,0,2,1,0
1373,2,2,1,0,0,2,0,0
1374,0,2,0,0,2,3,1,0
1375,0,2,0,0,0,3,1,0
1376,4,0,0,0,0,0,1,0
1377,0,0,0,0,0,0,1,0
1378,1,2,0,0,0,2,1,0
1379,0,1,0,0,1,1,1,0
1380,2,3,1,0,0,3,0,0
1381,1,3,0,0,0,4,1,0
1382,2,2,1,0,2,1,0,0
1383,0,1,1,0,2,1,0,0
1384,1,3,1,0,0,4,0,0
1385,0,1,0,0,2,2,1,0
1386,0,2,1,0,1,1,0,0
1387,4,0,0,0,0,0,1,0
1388,1,2,0,0,1,0,1,0
1389,0,3,1,0,0,1,0,0
1390,0,2,1,0,0,3,0,0
1391,1,2,1,0,2,0,0,1
1392,1,0,0,0,1,0,1,0
1393,0,0,0,0,0,0,1,0
1394,0,3,1,0,2,3,0,0
1395,3,2,0,0,2,4,1,0
1396,0,1,0,0,0,2,1,0
1397,0,3,1,0,1,1,0,0
1398,0,2,0,0,0,2,1,0
1399,1,3,1,0,0,4,0,0
1400,0,3,0,0,1,2,1,0
1401,2,2,0,0,0,4,1,0
1402,2,0,0,0,1,2,1,0
1403,2,2,1,0,1,4,0,0
1404,0,2,1,0,0,1,0,0
1405,0,3,1,0,0,3,0,0
1406,1,5,0,0,0,1,1,0
1407,0,1,1,0,0,2,0,0
1408,1,0,0,1,1,0,1,0
1409,0,0,1,0,0,2,0,0
1410,0,0,0,0,0,0,1,0
1411,1,2,0,0,0,0,1,0
1412,1,2,0,0,1,4,1,0
1413,0,0,0,0,0,3,1,0
1414,0,1,0,0,0,1,1,0
1415,0,1,1,0,1,2,0,0
1416,1,1,0,0,0,3,1,0
1417,0,0,0,0,1,1,1,0
1418,1,0,0,0,0,0,1,0
1419,1,1,1,0,1,4,0,0
1420,0,0,0,0,0,2,1,0
1421,1,2,1,0,1,2,0,0
1422,2,3,0,0,0,3,1,0
1423,3,2,0,0,3,3,1,0
1424,0,3,0,0,3,2,1,0
1425,0,0,0,0,0,0,1,0
1426,1,2,0,0,1,2,1,0
1427,0,1,1,0,1,0,0,0
1428,0,4,1,0,2,2,0,0
1429,0,0,0,0,0,0,1,0
1430,0,1,0,0,0,2,1,0
1431,0,2,1,0,2,0,0,0
1432,0,1,0,0,0,2,1,0
1433,2,0,1,0,3,1,0,0
1434,0,1,1,0,0,2,0,0
1435,1,0,0,0,1,3,1,0
1436,0,1,0,0,0,2,1,0
1437,2,4,1,0,3,2,0,0
1438,1,3,0,0,0,3,1,0
1439,0,3,0,0,0,2,1,0
1440,0,2,0,0,0,2,1,0
1441,5,1,0,0,0,3,1,0
1442,0,0,0,0,0,0,1,0
1443,0,0,0,0,0,1,1,0
1444,0,1,1,0,0,1,0,0
1445,0,0,0,0,0,0,1,0
1446,1,2,1,0,2,4,0,0
1447,0,0,0,0,0,1,1,0
1448,0,1,1,0,0,1,0,0
1449,1,0,0,0,0,0,1,0
1450,0,3,1,0,1,1,0,0
1451,1,1,1,0,0,2,0,1
1452,1,3,1,0,2,3,0,0
1453,2,1,0,0,0,0,1,0
1454,0,3,1,0,2,2,0,0
1455,1,3,0,0,0,1,1,0
1456,2,1,0,0,0,1,1,0
1457,0,0,0,0,0,0,1,0
1458,0,3,1,0,1,0,0,0
1459,0,1,0,0,1,1,1,0
1460,3,4,0,0,0,2,1,0
1461,0,0,0,0,0,2,1,0
1462,0,0,1,0,2,1,0,0
1463,1,1,0,0,2,3,1,0
1464,0,4,0,0,0,1,1,0
1465,1,3,1,0,0,5,0,0
1466,0,3,1,0,3,4,0,0
1467,1,2,1,0,0,1,0,0
1468,1,3,0,0,0,2,1,0
1469,1,1,0,0,0,1,1,0
1470,1,0,0,0,0,1,1,0
1471,0,0,0,0,0,0,1,0
1472,0,2,0,0,1,1,1,0
1473,1,2,1,0,2,2,0,0
1474,1,1,1,1,0,0,0,0
1475,1,2,0,0,0,2,1,0
1476,3,2,0,0,0,2,1,0
1477,1,0,1,0,0,2,0,0
1478,1,2,0,0,1,4,1,0
1479,0,1,0,0,1,2,1,0
1480,2,1,0,1,1,3,1,0
1481,1,3,0,0,0,3,1,0
1482,1,0,0,0,0,1,1,0
1483,2,2,0,0,1,2,1,0
1484,1,2,0,0,1,1,1,0
1485,2,3,0,0,2,3,1,0
1486,0,2,0,0,1,4,1,0
1487,0,2,0,0,1,3,1,0
1488,2,1,1,0,1,2,0,0
1489,0,2,1,0,0,2,0,0
1490,1,0,0,0,0,0,1,0
1491,2,1,1,0,0,1,0,0
1492,1,0,0,0,0,1,1,0
1493,1,2,0,0,0,0,1,0
1494,1,1,0,0,2,3,1,0
1495,4,0,1,0,1,2,0,0
1496,1,2,1,0,2,1,0,0
1497,0,3,1,0,0,2,0,0
1498,0,0,1,0,0,0,0,0
1499,1,1,0,0,0,3,1,0
1500,1,2,1,0,1,2,0,1
1501,2,1,0,0,1,2,1,0
1502,1,2,1,0,3,2,0,1
1503,1,1,1,0,0,0,0,0
1504,2,4,1,0,1,2,0,0
1505,2,5,0,0,1,4,1,0
1506,0,2,1,0,0,5,0,0
1507,3,2,0,0,0,2,1,0
1508,2,2,1,0,2,3,0,0
1509,2,1,1,0,0,0,0,0
1510,0,2,1,0,0,2,0,0
1511,2,4,1,0,1,3,0,0
1512,2,3,0,0,3,3,1,0
1513,1,3,1,0,0,1,0,0
1514,1,1,0,0,1,2,1,0
1515,2,1,0,0,1,2,1,0
1516,0,1,1,0,1,3,0,0
1517,0,0,0,0,0,1,1,0
1518,1,1,1,0,0,1,0,0
1519,0,0,0,0,1,0,1,0
1520,0,2,1,0,0,3,0,0
1521,1,2,1,0,1,2,0,0
1522,0,2,1,0,2,3,0,0
1523,3,1,0,0,4,2,1,0
1524,1,1,0,0,1,3,1,0
1525,2,4,1,0,0,2,0,0
1526,1,1,0,0,0,3,1,0
1527,0,0,0,0,0,0,1,0
1528,2,2,1,0,0,1,0,0
1529,2,3,1,0,1,4,0,0
1530,2,1,0,0,0,1,1,0
1531,0,0,0,0,0,2,1,0
1532,1,2,1,0,1,4,0,0
1533,1,0,0,0,0,2,1,0
1534,1,3,0,0,1,4,1,0
1535,2,1,0,0,0,4,1,0
1536,0,4,0,0,0,3,1,0
1537,0,1,1,0,0,1,0,0
1538,0,1,1,0,0,1,0,0
1539,0,0,0,0,2,4,1,0
1540,0,0,0,0,1,2,1,0
1541,1,2,0,0,0,2,1,0
1542,2,2,1,0,0,2,0,0
1543,2,0,0,0,0,2,1,0
1544,0,2,0,0,1,2,1,0
1545,1,3,1,0,2,2,0,0
1546,1,2,0,0,0,2,1,0
1547,1,4,1,0,0,3,0,0
1548,1,4,1,0,3,4,0,0
1549,0,0,0,0,0,0,1,0
1550,0,1,0,0,0,1,1,0
1551,1,5,1,0,1,1,0,0
1552,0,0,1,0,0,0,0,0
1553,2,2,0,0,0,3,1,0
1554,1,3,1,0,3,2,0,0
1555,2,1,0,0,0,0,1,0
1556,3,0,1,0,0,2,0,0
1557,0,1,0,0,0,1,1,0
1558,2,3,0,0,0,2,1,0
1559,1,0,0,0,1,5,1,0
1560,0,1,0,0,2,4,1,0
1561,2,0,0,0,1,3,1,0
1562,1,3,0,0,2,3,1,0
1563,0,1,1,0,0,2,0,0
1564,1,1,0,0,0,3,1,0
1565,3,1,1,0,0,3,0,0
1566,1,2,0,0,1,2,1,0
1567,3,2,1,0,0,3,0,0
1568,0,2,0,0,0,1,1,0
1569,1,2,0,0,1,4,1,0
1570,0,0,1,0,1,1,0,0
1571,0,4,0,0,3,2,1,0
1572,1,0,1,0,0,0,0,0
1573,3,1,0,0,2,4,1,0
1574,2,2,1,0,1,1,0,0
1575,0,0,0,0,0,1,1,0
1576,1,3,0,0,1,3,1,0
1577,0,1,1,0,0,0,0,0
1578,1,2,1,0,2,1,0,0
1579,1,1,0,0,0,3,1,0
1580,3,2,0,0,0,2,1,0
1581,3,0,0,0,0,3,1,0
1582,3,2,1,0,1,2,0,0
1583,0,1,0,0,0,1,1,0
1584,1,4,0,0,0,6,1,0
1585,0,1,0,0,0,2,1,0
1586,0,0,0,0,0,0,1,0
1587,1,1,1,0,0,2,0,0
1588,0,2,0,0,0,3,1,0
1589,1,2,1,0,0,2,0,0
1590,0,3,0,0,1,3,1,0
1591,3,1,0,0,0,2,1,0
1592,2,2,1,0,1,2,0,0
1593,2,3,0,1,0,4,1,0
1594,0,0,0,0,0,1,1,0
1595,1,1,1,0,0,1,0,0
1596,1,2,1,0,3,2,0,0
1597,1,2,1,0,1,1,0,0
1598,1,2,0,0,0,4,1,0
1599,1,4,0,0,1,4,1,0
1600,1,1,0,0,1,2,1,0
1601,1,2,0,0,0,3,1,0
1602,1,0,0,0,1,1,1,0
1603,2,2,1,0,2,0,0,0
1604,2,4,0,0,1,3,1,0
1605,1,0,0,0,1,3,1,0
1606,2,1,0,0,0,2,1,0
1607,1,1,0,0,1,2,1,0
1608,1,0,1,0,0,0,0,0
1609,1,1,0,0,3,5,1,0
1610,4,0,0,0,0,2,1,0
1611,0,1,1,0,2,0,0,0
1612,1,0,0,0,0,0,1,0
1613,0,4,0,0,1,1,1,0
1614,2,3,1,0,1,1,0,0
1615,0,1,1,0,1,0,0,0
1616,0,2,1,0,1,1,0,0
1617,1,1,0,0,2,0,1,0
1618,2,2,0,0,0,3,1,0
1619,0,0,1,0,2,0,0,0
1620,2,1,0,0,0,1,1,0
1621,1,0,1,0,1,0,0,0
1622,0,1,1,0,0,1,0,0
1623,0,0,1,0,0,2,0,0
1624,0,0,1,0,0,1,0,0
1625,1,2,0,1,0,1,1,0
1626,1,2,0,0,0,1,1,0
1627,0,2,1,0,2,3,0,0
1628,2,2,0,0,0,1,1,0
1629,1,2,1,0,1,3,0,0
1630,1,1,1,0,2,2,0,0
1631,0,0,0,0,0,4,1,0
1632,1,1,0,0,0,0,1,0
1633,2,0,0,0,0,1,1,0
1634,1,0,0,0,2,2,1,0
1635,0,1,0,0,2,2,1,0
1636,1,2,1,0,2,2,0,0
1637,0,1,1,0,2,0,0,0
1638,0,1,1,0,2,0,0,0
1639,1,6,1,0,3,3,0,0
1640,1,3,1,0,0,2,0,0
1641,0,1,1,0,1,3,0,0
1642,2,1,0,0,1,3,1,0
1643,0,2,1,0,1,1,0,0
1644,1,3,1,0,1,1,0,0
1645,0,2,1,0,4,3,0,0
1646,3,2,0,0,0,3,1,0
1647,0,1,0,0,0,2,1,0
1648,2,1,1,0,1,3,0,0
1649,1,2,1,0,0,1,0,0
1650,0,1,0,0,0,1,1,0
1651,0,1,1,0,2,0,0,0
1652,0,4,0,1,0,1,1,0
1653,2,1,0,0,0,1,1,0
1654,0,1,0,0,0,1,1,0
1655,1,3,0,0,2,2,1,0
1656,0,0,0,0,0,2,1,0
1657,0,1,0,0,2,2,1,0
1658,3,1,0,0,0,2,1,0
1659,1,2,0,0,2,1,1,0
1660,2,1,1,0,1,1,0,0
1661,0,0,0,0,1,0,1,0
1662,1,1,1,0,0,2,0,0
1663,1,2,1,0,1,0,0,0
1664,0,2,1,0,1,0,0,0
1665,0,3,1,0,1,1,0,0
1666,2,0,0,0,0,2,1,0
1667,2,3,0,0,1,2,1,0
1668,1,1,1,0,1,1,0,0
1669,0,2,1,0,4,1,0,0
1670,0,0,1,0,0,0,0,0
1671,0,0,1,0,1,0,0,0
1672,0,1,1,0,0,0,0,0
1673,1,0,1,0,0,0,0,0
1674,0,4,1,0,0,2,0,0
1675,0,2,0,0,0,2,1,0
1676,1,1,1,0,0,3,0,0
1677,3,3,0,0,0,3,1,0
1678,0,3,1,0,0,4,0,0
1679,3,1,0,0,0,3,1,0
1680,0,0,1,0,0,1,0,0
1681,2,1,0,0,0,2,1,0
1682,2,1,1,0,4,2,0,0
1683,4,1,1,0,2,0,0,0
1684,0,1,0,0,3,1,1,0
1685,0,1,1,0,1,0,0,0
1686,1,1,1,0,0,3,0,0
1687,0,3,1,0,1,0,0,0
1688,0,3,1,0,0,1,0,0
1689,2,1,1,0,1,1,0,0
1690,1,0,1,0,0,1,0,0
1691,3,2,0,0,0,2,1,0
1692,0,2,0,0,0,2,1,0
1693,5,0,0,0,2,0,1,0
1694,1,0,0,0,0,1,1,0
1695,0,1,0,0,0,2,1,0
1696,1,2,0,0,1,3,1,0
1697,1,1,1,0,0,1,0,0
1698,0,1,1,0,2,0,0,0
1699,1,1,0,0,0,2,1,0
1700,1,1,1,0,0,1,0,0
1701,2,1,1,0,0,3,0,0
1702,1,1,0,0,0,2,1,0
1703,0,2,1,0,1,0,0,0
1704,0,2,0,0,0,3,1,0
1705,1,2,1,0,2,1,0,0
1706,2,1,0,0,0,3,1,0
1707,0,0,0,0,0,2,1,0
1708,0,1,1,0,0,1,0,0
1709,1,3,0,0,0,2,1,0
1710,1,1,0,0,0,2,1,0
1711,0,1,0,0,0,1,1,0
1712,0,1,1,0,0,0,0,0
1713,1,0,0,0,0,0,1,0
1714,0,0,1,0,0,0,0,0
1715,1,2,1,0,0,2,0,0
1716,0,0,0,0,0,1,1,0
1717,0,1,0,0,0,4,1,0
1718,1,1,0,0,1,2,1,0
1719,0,1,0,0,0,2,1,0
1720,2,1,0,0,1,3,1,0
1721,0,2,1,0,0,3,0,0
1722,1,0,0,0,0,1,1,0
1723,0,1,0,0,0,2,1,0
1724,0,2,0,0,0,1,1,0
1725,1,2,1,0,3,1,0,0
1726,3,2,0,0,0,1,1,0
1727,0,2,1,0,0,2,0,0
1728,0,0,0,0,0,0,1,0
1729,1,2,1,0,0,2,0,0
1730,3,1,0,0,1,2,1,0
1731,2,2,1,0,2,1,0,0
1732,0,1,0,0,0,1,1,0
1733,3,1,0,0,0,1,1,0
1734,0,1,1,0,2,1,0,0
1735,3,2,0,0,0,1,1,0
1736,0,1,0,0,0,2,1,0
1737,0,1,0,0,0,2,1,0
1738,1,1,1,0,0,1,0,0
1739,0,1,0,0,0,2,1,0
1740,0,1,1,0,1,1,0,1
1741,0,1,0,0,0,2,1,0
1742,1,0,1,0,1,2,0,0
1743,2,0,1,0,0,0,0,0
1744,1,0,0,0,1,1,1,0
1745,0,3,0,0,1,3,1,0
1746,2,1,0,0,0,1,1,0
1747,2,1,0,0,1,3,1,0
1748,0,2,0,0,0,3,1,0
1749,0,1,0,0,1,3,1,0
1750,0,1,0,0,0,0,1,0
1751,0,2,0,0,0,4,1,0
1752,2,1,0,0,1,2,1,0
1753,0,0,1,0,0,0,0,0
1754,0,1,0,0,0,1,1,0
1755,2,2,1,0,0,2,0,0
1756,0,1,1,0,0,0,0,0
1757,2,1,0,0,0,2,1,0
1758,0,1,1,0,1,1,0,0
1759,0,1,0,0,0,3,1,0
1760,0,1,0,0,1,1,1,0
1761,2,1,0,0,0,2,1,0
1762,0,0,1,0,2,1,0,0
1763,1,2,0,0,0,2,1,0
1764,0,1,0,0,1,3,1,0
1765,0,1,0,0,0,1,1,0
1766,1,1,0,0,1,2,1,0
1767,1,1,0,0,1,4,1,0
1768,0,0,0,0,0,0,1,0
1769,0,1,0,0,0,1,1,0
1770,0,1,1,0,2,1,0,0
1771,0,1,1,0,1,1,0,0
1772,1,2,0,0,1,2,1,0
1773,0,2,1,0,1,1,0,0
1774,1,0,0,0,0,1,1,0
1775,0,0,0,0,0,1,1,0
1776,0,0,0,0,0,1,1,0
1777,2,0,1,0,2,0,0,0
1778,0,0,0,1,1,0,1,0
1779,1,1,0,0,0,1,1,0
1780,1,2,1,0,0,1,0,0
1781,1,1,0,0,0,1,1,0
1782,0,0,0,0,0,0,1,0
1783,0,1,1,0,0,2,0,0
1784,2,1,1,0,1,1,0,0
1785,1,1,1,0,0,2,0,0
1786,0,0,0,0,0,0,1,0
1787,0,2,1,0,1,1,0,0
1788,1,1,0,0,1,2,1,0
1789,0,1,1,0,2,2,0,0
1790,0,1,0,0,0,0,1,0
1791,0,1,1,0,0,1,0,0
1792,2,2,0,0,1,4,1,0
1793,0,1,1,0,1,0,0,0
1794,1,1,0,0,1,1,1,0
1795,0,0,1,0,0,1,0,0
1796,0,0,0,0,1,1,1,0
1797,2,2,1,0,2,2,0,0
1798,1,2,0,0,0,3,1,0
1799,1,1,0,0,0,0,1,0
1800,1,2,0,0,0,2,1,0
1801,0,0,0,0,0,1,1,0
1802,0,2,1,0,2,0,0,0
1803,1,3,1,0,0,2,0,0
1804,0,0,0,0,0,1,1,0
1805,1,2,1,1,0,1,0,0
1806,0,3,0,0,0,2,1,0
1807,1,0,1,0,1,0,0,0
1808,1,0,0,0,1,0,1,0
1809,2,1,1,0,0,2,0,0
1810,1,0,0,0,0,2,1,0
1811,2,2,0,0,1,2,1,0
1812,0,0,0,0,0,1,1,0
1813,0,0,0,0,0,0,1,0
1814,1,1,1,0,1,1,0,0
1815,1,1,0,0,0,1,1,0
1816,1,1,0,0,0,1,1,0
1817,0,0,0,0,1,2,1,0
1818,1,4,1,0,1,3,0,0
1819,3,1,0,0,0,1,1,0
1820,0,1,1,0,0,1,0,0
1821,1,0,0,0,1,2,1,0
1822,0,1,0,0,0,0,1,0
1823,1,1,1,0,2,1,0,0
1824,0,0,0,0,0,0,1,0
1825,0,1,1,0,0,1,0,0
1826,0,0,1,0,0,0,0,0
1827,2,1,0,0,0,4,1,0
1828,0,1,1,0,0,2,0,0
1829,1,1,0,1,2,4,1,0
1830,0,1,1,0,0,1,0,0
1831,1,0,0,0,1,1,1,0
1832,0,2,1,0,3,2,0,0
1833,3,1,1,0,0,2,0,0
1834,0,0,0,0,0,0,1,0
1835,1,2,0,0,1,0,1,0
1836,2,1,0,0,0,1,1,0
1837,0,0,0,0,0,1,1,0
1838,2,3,0,0,0,1,1,0
1839,1,2,1,0,0,0,0,0
1840,3,2,0,0,3,4,1,0
1841,1,1,0,0,0,1,1,0
1842,1,0,0,0,0,0,1,0
1843,0,3,1,0,0,3,0,0
1844,0,0,0,0,2,0,1,0
1845,0,0,0,0,0,2,1,0
1846,0,1,1,0,2,0,0,0
1847,0,0,0,0,0,3,1,0
1848,1,0,0,0,1,1,1,0
1849,2,1,1,0,0,0,0,0
1850,1,3,1,0,0,2,0,0
1851,1,1,0,0,0,2,1,0
1852,1,1,0,0,1,2,1,0
1853,0,1,1,0,1,1,0,0
1854,0,0,0,0,0,0,1,0
1855,2,0,0,0,0,1,1,0
1856,1,0,1,0,0,0,0,0
1857,0,1,0,0,0,1,1,0
1858,1,3,0,0,0,2,1,0
1859,0,0,0,0,0,1,1,0
1860,0,3,1,0,0,1,0,0
1861,1,1,0,0,0,2,1,0
1862,0,1,1,0,1,1,0,0
1863,1,0,1,0,1,2,0,0
1864,2,1,0,0,1,3,1,0
1865,2,2,0,0,2,2,1,0
1866,0,0,0,0,0,4,1,0
1867,2,3,1,0,0,1,0,0
1868,0,3,0,1,0,2,1,0
1869,0,0,0,0,2,1,1,0
1870,1,1,0,0,0,3,1,0
1871,0,1,0,0,2,1,1,0
1872,1,1,0,0,0,3,1,0
1873,2,1,1,0,1,1,0,0
1874,2,0,0,0,0,1,1,0
1875,1,2,1,0,1,1,0,0
1876,1,1,1,0,2,3,0,0
1877,2,2,1,0,1,1,0,0
1878,0,1,0,0,0,1,1,0
1879,0,1,0,0,1,1,1,0
1880,1,1,0,0,0,2,1,0
1881,0,1,0,0,0,1,1,0
1882,1,2,1,0,1,2,0,0
1883,1,2,1,1,0,0,0,0
1884,0,0,1,0,1,2,0,0
1885,0,1,0,0,0,1,1,0
1886,0,0,0,0,0,0,1,0
1887,1,2,1,0,0,2,0,0
1888,2,1,1,0,0,3,0,0
1889,0,0,0,1,0,0,1,0
1890,0,2,1,0,1,0,0,0
1891,1,1,0,0,0,4,1,0
1892,1,0,0,0,1,2,1,0
1893,0,3,1,0,0,1,0,0
1894,0,1,1,0,2,1,0,0
1895,0,3,1,0,0,1,0,0
1896,0,0,0,0,0,0,1,0
1897,0,0,0,0,0,1,1,0
1898,0,1,0,0,0,2,1,0
1899,0,0,0,0,1,2,1,0
1900,3,0,0,0,2,2,1,0
1901,4,1,0,0,0,1,1,0
1902,1,1,1,0,0,1,0,0
1903,1,0,0,0,1,1,1,0
1904,1,2,1,0,1,0,0,0
1905,0,1,1,0,0,0,0,0
1906,0,1,1,0,2,2,0,0
1907,0,1,0,0,1,5,1,0
1908,0,0,1,0,0,0,0,0
1909,2,1,0,0,0,2,1,0
1910,2,0,0,0,0,1,1,0
1911,1,2,1,0,0,0,0,1
1912,1,4,0,0,3,4,1,0
1913,1,1,0,0,0,1,1,0
1914,1,2,1,0,1,1,0,0
1915,0,1,1,0,1,0,0,0
1916,0,0,0,0,0,0,1,0
1917,1,2,0,0,1,1,1,0
1918,0,1,1,0,1,0,0,0
1919,0,0,0,0,0,0,1,0
1920,0,1,1,0,1,0,0,0
1921,0,1,0,0,0,2,1,0
1922,2,1,1,0,4,2,0,0
1923,0,1,1,0,3,1,0,0
1924,0,0,0,0,1,1,1,0
1925,1,1,0,0,1,1,1,0
1926,2,1,0,0,0,3,1,0
1927,1,1,0,0,0,1,1,0
1928,1,1,0,0,1,2,1,0
1929,0,0,0,0,0,0,1,0
1930,0,0,1,0,0,0,0,0
1931,1,1,0,0,0,2,1,0
1932,1,0,0,0,0,1,1,0
1933,0,0,1,0,1,0,0,0
1934,0,1,0,0,0,1,1,0
1935,0,2,1,0,3,1,0,0
1936,3,0,0,0,1,1,1,0
1937,3,3,0,0,0,1,1,0
1938,0,0,0,0,0,0,1,0
1939,0,0,0,0,0,2,1,0
1940,2,0,0,0,0,2,1,0
1941,0,1,1,0,0,2,0,0
1942,4,2,0,1,3,1,1,0
1943,1,1,1,0,1,1,0,0
1944,0,0,0,0,0,1,1,0
1945,1,0,1,0,0,0,0,0
1946,1,1,0,0,0,3,1,0
1947,1,0,0,0,0,1,1,0
1948,3,1,1,0,1,2,0,0
1949,0,2,0,0,0,1,1,0
1950,0,0,0,0,1,0,1,0
1951,0,0,0,0,1,2,1,0
1952,1,1,0,0,1,2,1,0
1953,0,1,0,0,1,2,1,0
1954,3,2,0,0,1,1,1,0
1955,0,0,1,0,0,0,0,0
1956,2,0,0,0,2,2,1,0
1957,0,0,1,0,0,0,0,0
1958,1,3,0,0,2,2,1,0
1959,1,0,0,0,0,0,1,0
1960,0,0,0,0,0,0,1,0
1961,0,1,0,0,1,2,1,0
1962,2,3,0,0,0,1,1,0
1963,0,2,0,0,0,1,1,0
1964,2,2,0,0,1,3,1,0
1965,1,2,1,0,1,2,0,0
1966,0,1,0,0,0,0,1,0
1967,2,2,1,0,1,1,0,0
1968,1,1,0,0,0,2,1,0
1969,2,1,0,0,1,1,1,0
1970,1,4,0,0,1,3,1,0
1971,1,0,0,0,0,0,1,0
1972,2,1,0,0,0,1,1,0
1973,0,1,0,0,0,1,1,0
1974,0,0,0,0,0,0,1,0
1975,3,2,1,0,2,3,0,0
1976,2,0,0,0,0,1,1,0
1977,0,0,1,0,0,1,0,0
1978,0,0,0,0,1,0,1,0
1979,0,1,0,0,0,2,1,0
1980,0,0,0,0,0,0,1,0
1981,1,1,0,0,0,1,1,0
1982,1,2,1,0,0,1,0,0
1983,2,1,0,0,0,2,1,0
1984,0,2,0,0,2,1,1,0
1985,1,2,0,0,0,1,1,0
1986,0,2,1,1,1,3,0,0
1987,1,1,0,0,1,3,1,0
1988,1,1,0,0,2,2,1,0
1989,1,2,0,0,0,2,1,0
1990,0,3,1,0,1,3,0,0
1991,1,0,0,0,0,1,1,0
1992,0,0,0,0,0,1,1,1
1993,1,2,0,0,0,1,1,0
1994,0,1,1,0,0,0,0,0
1995,0,1,1,0,2,0,0,0
1996,1,1,0,0,0,3,1,0
1997,2,1,1,1,1,0,0,0
1998,0,1,1,0,0,1,0,0
1999,2,1,0,0,2,2,1,0
2000,0,0,0,0,0,0,1,0
2001,0,1,0,1,0,1,1,0
2002,4,0,0,0,0,0,1,0
2003,2,0,0,0,1,0,1,0
2004,0,1,1,0,0,0,0,0
2005,0,0,1,0,1,1,0,0
2006,1,1,0,0,0,1,1,0
2007,1,2,0,0,1,2,1,0
2008,0,0,1,0,1,0,0,0
2009,1,3,0,1,0,3,1,0
2010,1,1,0,0,1,2,1,0
2011,0,1,0,0,0,1,1,0
2012,2,1,0,0,1,1,1,0
2013,2,1,1,0,0,1,0,0
2014,1,3,1,0,1,0,0,0
2015,0,0,1,0,0,2,0,0
2016,0,0,1,0,0,0,0,0
2017,1,2,1,0,2,1,0,0
2018,1,1,1,0,1,1,0,0
2019,1,0,0,0,0,0,1,0
2020,0,1,1,0,1,0,0,0
2021,2,1,0,0,0,0,1,0
2022,0,1,1,0,1,0,0,0
2023,0,0,0,0,0,1,1,0
2024,1,4,1,0,3,1,0,0
2025,1,0,1,0,0,1,0,0
2026,0,0,0,0,0,0,1,0
2027,0,2,1,0,1,0,0,0
2028,0,0,0,0,1,1,1,0
2029,0,1,0,0,0,2,1,0
2030,0,0,1,0,2,0,0,0
2031,0,0,1,0,0,0,0,0
2032,1,2,1,0,1,2,0,0
2033,5,2,0,0,1,3,1,0
2034,1,1,0,0,0,2,1,0
2035,1,2,1,0,1,1,0,0
2036,2,3,0,0,2,4,1,0
2037,0,1,1,0,0,1,0,0
2038,0,1,0,0,0,1,1,0
2039,1,1,0,0,0,2,1,0
2040,1,3,1,0,1,1,0,0
2041,2,0,1,0,1,0,0,0
2042,0,3,0,0,1,0,1,0
2043,0,1,1,0,2,2,0,0
2044,0,1,0,0,0,1,1,0
2045,0,2,0,0,1,1,1,0
2046,0,0,0,0,0,0,1,0
2047,0,1,0,0,0,1,1,0
2048,0,1,1,0,1,2,0,0
2049,1,2,1,0,1,3,0,0
2050,0,2,0,0,0,1,1,0
2051,1,0,0,0,0,1,1,0
2052,0,0,0,0,0,0,1,0
2053,0,1,1,0,2,1,0,0
2054,2,3,0,0,2,3,1,0
2055,2,2,0,0,1,1,1,0
2056,0,2,0,0,2,1,1,0
2057,0,0,1,0,0,0,0,0
2058,0,0,0,0,0,0,1,0
2059,1,0,0,0,0,0,1,0
2060,0,0,0,0,0,1,1,0
2061,2,2,1,0,1,0,0,0
2062,2,2,0,0,2,0,1,0
2063,0,1,1,0,0,0,0,0
2064,0,0,0,0,1,1,1,0
2065,1,1,0,0,0,3,1,0
2066,0,2,0,0,0,1,1,0
2067,0,1,1,0,0,1,0,0
2068,0,4,1,0,1,2,0,0
2069,2,0,0,0,0,1,1,0
2070,2,0,1,1,1,0,0,0
2071,0,1,0,0,0,1,1,0
2072,2,2,0,0,1,3,1,0
2073,1,2,0,1,1,2,1,0
2074,1,1,0,0,1,1,1,0
2075,0,2,1,0,0,3,0,0
2076,2,1,0,0,1,3,1,0
2077,1,1,1,0,0,2,0,0
2078,0,0,0,0,0,0,1,0
2079,1,0,0,0,0,2,1,0
2080,2,1,0,0,1,0,1,0
2081,1,3,1,0,0,1,0,0
2082,1,2,1,0,2,4,0,0
2083,0,0,0,0,0,0,1,0
2084,0,0,1,0,1,1,0,0
2085,0,4,1,0,3,1,0,1
2086,2,1,0,0,0,3,1,0
2087,1,2,1,0,1,2,0,0
2088,0,0,1,0,0,0,0,0
2089,0,1,1,0,1,3,0,0
2090,0,1,1,0,0,2,0,0
2091,3,3,1,0,0,4,0,1
2092,1,1,0,0,1,4,1,0
2093,0,2,1,0,1,2,0,0
2094,2,0,0,0,1,1,1,0
2095,0,3,1,0,1,0,0,0
2096,0,1,1,0,3,0,0,0
2097,0,0,1,0,0,0,0,0
2098,1,2,0,0,0,3,1,0
2099,2,0,1,0,1,1,0,0
2100,0,0,0,0,0,1,1,0
2101,2,0,0,0,0,2,1,0
2102,1,1,1,0,2,3,0,0
2103,2,2,0,0,0,2,1,0
2104,2,1,0,0,1,1,1,0
2105,0,0,0,0,0,1,1,0
2106,0,1,1,0,0,1,0,0
2107,2,0,0,0,0,3,1,0
2108,2,1,0,0,0,0,1,0
2109,1,3,0,0,0,3,1,0
2110,1,1,0,0,1,1,1,0
2111,2,2,0,0,0,3,1,0
2112,0,1,0,0,0,1,1,0
2113,0,3,0,0,1,1,1,0
2114,1,1,1,0,2,2,0,0
2115,0,2,0,0,0,1,1,0
2116,1,1,0,0,0,1,1,0
2117,1,1,0,0,2,2,1,0
2118,4,1,0,0,1,1,1,0
2119,1,2,0,0,0,0,1,0
2120,0,1,0,0,0,1,1,0
2121,2,1,0,0,1,3,1,0
2122,0,3,1,0,4,0,0,0
2123,2,0,0,0,0,1,1,0
2124,2,1,1,0,2,0,0,0
2125,0,2,1,0,3,0,0,0
2126,1,0,1,0,1,1,0,0
2127,0,0,0,0,2,1,1,0
2128,2,0,0,0,1,0,1,0
2129,3,0,0,0,0,1,1,0
2130,2,2,0,0,2,0,1,0
2131,0,0,0,0,0,0,1,0
2132,2,0,0,0,1,2,1,0
2133,1,0,1,0,0,0,0,0
2134,0,1,1,0,0,0,0,0
2135,1,1,0,0,0,1,1,0
2136,0,0,0,0,0,0,1,0
2137,1,3,1,0,1,3,0,0
2138,1,1,0,0,0,0,1,0
2139,0,0,0,0,0,1,1,0
2140,0,0,1,0,2,0,0,0
2141,1,1,1,0,0,1,0,0
2142,1,0,0,0,1,3,1,0
2143,0,2,1,0,3,2,0,0
2144,0,0,0,0,2,0,1,0
2145,1,1,1,0,2,1,0,0
2146,1,1,0,0,0,2,1,0
2147,1,1,1,0,1,2,0,0
2148,0,1,1,0,1,2,0,0
2149,0,2,1,0,1,3,0,0
2150,1,0,1,0,1,1,0,0
2151,0,1,1,0,0,1,0,0
2152,2,4,0,0,2,3,1,0
2153,0,0,0,0,0,0,1,0
2154,1,2,0,0,0,4,1,0
2155,1,2,1,0,0,1,0,0
2156,1,0,0,0,0,2,1,0
2157,0,2,1,0,0,0,0,0
2158,2,3,1,0,2,1,0,0
2159,2,2,1,0,1,1,0,0
2160,0,0,1,0,0,0,0,0
2161,0,1,1,0,1,1,0,0
2162,0,2,1,0,1,0,0,0
2163,0,0,0,0,0,1,1,0
2164,1,1,1,0,0,1,0,0
2165,1,0,0,0,0,2,1,0
2166,1,1,0,0,0,2,1,0
2167,4,1,0,0,2,2,1,0
2168,0,0,0,0,2,1,1,0
2169,3,1,0,0,0,1,1,0
2170,0,2,0,0,1,2,1,0
2171,0,1,0,0,0,0,1,0
2172,2,0,0,0,0,1,1,0
2173,0,0,1,0,0,0,0,0
2174,3,2,0,0,2,1,1,0
2175,1,0,0,0,1,0,1,0
2176,0,0,0,0,0,1,1,0
2177,0,1,0,0,0,2,1,0
2178,1,0,1,0,0,1,0,0
2179,1,0,1,0,0,0,0,0
2180,0,2,1,0,0,1,0,0
2181,0,2,0,0,0,1,1,0
2182,0,0,0,0,0,1,1,0
2183,1,0,0,0,1,2,1,0
2184,0,1,1,0,0,0,0,0
2185,1,3,0,0,1,4,1,0
2186,0,1,1,0,4,1,0,0
2187,2,2,1,0,1,0,0,0
2188,0,0,0,0,0,2,1,0
2189,2,0,1,0,0,0,0,0
2190,1,1,0,0,0,1,1,0
2191,3,1,0,0,1,1,1,0
2192,0,1,0,0,1,3,1,0
2193,0,1,0,0,0,1,1,0
2194,1,2,1,0,0,2,0,0
2195,0,3,1,0,2,2,0,0
2196,0,0,0,0,0,0,1,0
2197,1,1,0,0,0,1,1,0
2198,2,2,0,0,0,2,1,1
2199,0,0,1,0,0,0,0,0
2200,0,0,0,0,0,0,1,0
2201,1,0,1,0,2,0,0,0
2202,0,1,1,0,1,0,0,0
2203,0,0,1,0,2,1,0,0
2204,1,2,0,0,0,2,1,0
2205,0,2,1,0,2,1,0,0
2206,2,0,0,0,1,0,1,0
2207,1,0,0,0,0,2,1,0
2208,1,1,1,0,1,2,0,0
2209,1,1,1,0,2,0,0,0
2210,2,4,1,0,3,2,0,0
2211,0,0,1,0,1,2,0,0
2212,0,1,0,0,0,0,1,0
2213,0,0,0,0,1,1,1,0
2214,1,0,0,0,0,1,1,0
2215,1,0,0,0,0,1,1,0
2216,1,0,1,0,0,0,0,0
2217,0,1,1,0,0,0,0,0
2218,0,0,0,0,1,3,1,0
2219,3,2,0,0,0,3,1,0
2220,1,1,0,0,1,2,1,0
2221,4,0,0,0,0,1,1,0
2222,1,0,0,0,2,4,1,0
2223,0,1,0,0,0,1,1,0
2224,1,0,1,0,1,0,0,0
2225,2,0,0,0,0,2,1,0
2226,0,1,0,0,0,1,1,0
2227,1,2,0,0,0,2,1,0
2228,1,2,1,0,0,2,0,0
2229,0,1,1,0,0,2,0,0
2230,0,0,0,0,0,0,1,0
2231,0,2,1,0,0,1,0,0
2232,0,0,0,0,0,0,1,0
2233,0,1,0,0,1,2,1,0
2234,0,2,1,0,0,1,0,0
2235,0,1,1,0,1,0,0,0
2236,4,1,0,0,0,1,1,0
2237,2,0,0,0,0,2,1,0
2238,1,0,1,0,0,1,0,0
2239,1,1,1,0,2,4,0,0
2240,1,0,1,0,0,0,0,0
2241,2,1,0,0,1,1,1,0
2242,1,3,1,0,0,4,0,0
2243,1,3,1,0,1,2,0,0
2244,0,0,1,0,0,0,0,0
2245,0,1,1,0,0,0,0,0
2246,1,1,0,0,0,0,1,0
2247,0,1,1,0,0,1,0,0
2248,0,0,0,0,0,1,1,0
2249,0,1,0,0,0,1,1,0
2250,0,1,1,0,1,2,0,0
2251,1,0,0,0,0,2,1,0
2252,3,3,0,0,1,2,1,0
2253,1,0,0,0,1,2,1,0
2254,3,1,0,0,0,1,1,1
2255,1,1,0,0,0,1,1,0
2256,3,2,1,0,0,1,0,0
2257,1,3,1,0,1,1,0,0
2258,0,0,0,0,0,2,1,0
2259,1,1,1,0,2,2,0,1
2260,2,2,1,0,2,1,0,0
2261,2,1,1,0,2,2,0,0
2262,0,1,1,0,1,2,0,0
2263,3,1,0,0,1,2,1,0
2264,3,0,1,0,1,3,0,0
2265,0,2,1,0,0,0,0,0
2266,1,0,1,0,2,2,0,0
2267,2,2,0,0,0,2,1,0
2268,3,1,1,0,2,4,0,0
2269,1,2,1,0,2,2,0,0
2270,2,2,0,1,1,3,1,1
2271,2,3,1,0,1,2,0,0
2272,1,2,1,0,1,2,0,0
2273,2,2,0,0,0,1,1,0
2274,2,1,0,0,1,1,1,0
2275,0,1,0,0,0,4,1,0
2276,1,2,1,0,0,2,0,0
2277,0,2,1,0,1,0,0,0
2278,0,1,1,0,2,1,0,0
2279,1,1,0,0,2,1,1,0
2280,1,1,0,0,1,2,1,0
2281,0,0,0,0,0,1,1,0
2282,3,1,0,0,0,3,1,0
2283,1,2,1,0,2,2,0,0
2284,0,1,1,0,1,0,0,0
2285,0,2,1,0,1,2,0,0
2286,1,1,0,0,3,3,1,0
2287,0,0,0,0,1,2,1,0
2288,3,3,0,0,0,2,1,0
2289,1,1,1,0,0,2,0,0
2290,0,3,0,0,0,2,1,0
2291,2,0,0,0,2,3,1,0
2292,1,1,1,0,0,1,0,0
2293,1,0,0,0,0,2,1,0
2294,1,1,0,0,1,0,1,0
2295,1,1,0,0,0,2,1,0
2296,0,1,0,0,0,0,1,0
2297,1,3,0,0,0,2,1,0
2298,0,1,1,0,0,2,0,0
2299,0,0,1,0,1,2,0,0
2300,4,0,1,0,0,2,0,0
2301,5,2,0,0,1,2,1,0
2302,2,4,0,0,0,3,1,0
2303,0,0,1,0,0,0,0,0
2304,0,0,0,0,0,0,1,0
2305,0,1,1,0,1,2,0,0
2306,0,1,1,0,0,1,0,0
2307,0,1,1,0,1,1,0,0
2308,0,2,1,0,0,1,0,0
2309,1,1,0,0,0,2,1,0
2310,0,1,0,0,0,2,1,0
2311,2,2,1,0,1,0,0,0
2312,2,4,1,0,0,4,0,0
2313,0,0,0,0,0,1,1,0
2314,0,1,1,0,0,1,0,0
2315,0,4,0,0,1,3,1,0
2316,2,1,0,0,2,3,1,0
2317,0,0,0,0,0,2,1,0
2318,0,2,0,0,0,2,1,0
2319,0,0,0,0,0,1,1,0
2320,1,1,1,0,2,4,0,0
2321,1,1,0,0,0,1,1,0
2322,1,2,0,0,1,1,1,0
2323,3,2,0,0,1,2,1,0
2324,0,0,1,0,0,1,0,0
2325,1,1,0,0,0,2,1,0
2326,0,1,1,0,0,2,0,0
2327,0,2,0,0,1,0,1,0
2328,0,1,0,0,0,0,1,0
2329,1,0,0,0,0,4,1,0
2330,0,1,0,0,1,0,1,0
2331,1,1,1,0,0,1,0,0
2332,3,2,0,0,1,3,1,0
2333,2,3,1,0,0,2,0,0
2334,2,0,0,0,0,1,1,0
2335,0,0,0,0,2,0,1,0
2336,2,1,1,0,1,1,0,0
2337,1,1,1,0,0,2,0,0
2338,1,1,1,0,0,1,0,0
2339,1,1,0,0,1,3,1,0
2340,0,4,1,0,2,2,0,0
2341,1,3,0,0,2,3,1,0
2342,0,1,0,0,0,3,1,0
2343,3,3,0,0,1,1,1,1
2344,1,3,0,0,0,1,1,0
2345,0,3,0,0,1,2,1,0
2346,2,2,0,0,1,2,1,0
2347,0,1,0,0,2,3,1,0
2348,0,1,0,0,0,3,1,0
2349,1,1,1,0,2,4,0,0
2350,1,1,0,0,1,2,1,0
2351,0,3,0,0,0,2,1,0
2352,0,2,0,0,0,1,1,0
2353,1,1,0,0,1,4,1,0
2354,2,3,0,0,0,1,1,0
2355,0,0,0,0,0,1,1,0
2356,0,1,1,0,0,1,0,0
2357,0,2,1,0,0,2,0,0
2358,0,1,1,0,1,1,0,0
2359,1,5,0,0,0,1,1,0
2360,2,1,0,0,0,2,1,0
2361,0,2,1,0,0,2,0,0
2362,1,1,0,0,0,2,1,0
2363,2,1,0,0,0,1,1,0
2364,0,2,0,0,0,2,1,0
2365,2,2,0,0,1,2,1,0
2366,0,2,0,0,0,3,1,0
2367,1,3,1,0,0,1,0,0
2368,2,1,1,0,2,2,0,0
2369,0,0,1,0,0,0,0,0
2370,0,0,0,0,4,3,1,0
2371,2,0,0,0,0,1,1,0
2372,1,1,1,0,0,3,0,0
2373,2,3,1,0,0,3,0,0
2374,2,2,1,0,2,3,0,0
2375,0,0,1,0,0,0,0,0
2376,2,1,0,0,0,0,1,0
2377,1,2,0,1,3,5,1,0
2378,1,1,0,0,2,2,1,0
2379,0,0,0,0,0,0,1,0
2380,0,0,0,0,0,0,1,0
2381,1,2,1,0,3,0,0,0
2382,1,2,1,0,1,1,0,0
2383,0,0,0,0,0,2,1,0
2384,2,1,0,0,1,2,1,0
2385,0,0,1,0,2,0,0,0
2386,2,2,1,0,1,1,0,0
2387,1,2,0,0,0,3,1,0
2388,3,1,0,0,2,2,1,0
2389,3,1,0,0,3,2,1,0
2390,1,1,0,0,0,1,1,0
2391,2,4,1,0,3,2,0,0
2392,2,3,1,0,2,2,0,0
2393,3,1,1,0,1,3,0,0
2394,1,2,0,0,0,3,1,0
2395,1,1,0,0,0,1,1,0
2396,1,2,0,0,1,3,1,0
2397,0,1,0,0,2,2,1,0
2398,1,1,0,0,0,2,1,0
2399,0,1,0,0,0,0,1,0
2400,1,1,0,0,0,3,1,0
2401,2,1,0,0,0,3,1,0
2402,2,1,0,0,1,4,1,0
2403,0,1,1,0,0,1,0,0
2404,1,2,0,0,0,2,1,0
2405,0,0,1,0,0,0,0,0
2406,0,2,1,0,1,1,0,0
2407,1,0,0,0,0,1,1,0
2408,1,1,0,0,0,4,1,0
2409,1,1,0,0,2,2,1,0
2410,0,2,1,0,0,1,0,0
2411,2,0,0,0,0,0,1,0
2412,1,3,1,0,0,3,0,0
2413,0,2,1,0,2,2,0,0
2414,1,3,0,0,0,5,1,1
2415,0,0,1,0,0,0,0,0
2416,1,2,0,0,0,2,1,0
2417,1,2,1,0,3,0,0,0
2418,1,3,1,0,2,2,0,0
2419,1,2,0,0,0,3,1,0
2420,1,3,0,0,1,4,1,0
2421,0,0,0,0,0,0,1,0
2422,1,3,0,0,1,2,1,0
2423,0,3,0,0,1,1,1,0
2424,1,2,1,0,1,3,0,0
2425,2,3,1,0,0,0,0,0
2426,0,2,0,0,0,6,1,0
2427,0,2,1,0,1,3,0,0
2428,0,1,0,0,1,1,1,0
2429,0,0,0,0,0,1,1,0
2430,1,0,0,0,0,1,1,0
2431,0,1,0,0,0,1,1,0
2432,3,2,0,0,0,3,1,0
2433,3,2,0,0,0,1,1,0
2434,0,1,0,0,0,2,1,0
2435,1,1,1,0,0,2,0,0
2436,0,5,1,0,0,2,0,0
2437,2,3,0,0,1,3,1,0
2438,0,2,0,0,3,3,1,0
2439,3,2,0,0,2,3,1,0
2440,1,4,0,0,0,2,1,0
2441,2,2,0,0,0,4,1,0
2442,0,3,1,0,0,2,0,0
2443,1,1,1,0,0,5,0,0
2444,0,2,0,0,1,3,1,0
2445,0,0,0,0,1,1,1,0
2446,0,0,1,0,0,0,0,0
2447,0,1,1,0,1,5,0,0
2448,1,4,1,0,1,1,0,1
2449,3,2,0,0,2,4,1,0
2450,2,1,0,0,2,2,1,0
2451,0,3,1,0,1,3,0,0
2452,4,1,0,0,2,1,1,0
2453,0,2,0,0,1,3,1,0
2454,0,0,0,0,1,0,1,0
2455,2,0,0,1,0,1,1,0
2456,2,1,0,0,2,1,1,0
2457,0,2,1,0,2,2,0,0
2458,1,1,1,0,1,2,0,0
2459,1,1,0,0,2,3,1,0
2460,1,1,0,0,0,1,1,0
2461,1,3,0,0,1,4,1,0
2462,0,2,1,0,0,1,0,0
2463,1,3,0,0,0,3,1,0
2464,1,1,0,0,0,3,1,0
2465,0,2,1,0,2,1,0,0
2466,1,1,0,0,0,3,1,0
2467,0,1,0,0,0,1,1,0
2468,5,1,0,0,2,2,1,0
2469,1,2,0,0,0,3,1,0
2470,0,3,1,0,0,2,0,0
2471,1,1,0,0,0,1,1,0
2472,1,2,1,0,0,1,0,0
2473,1,0,0,0,0,1,1,0
2474,0,1,0,0,3,2,1,0
2475,0,3,1,0,1,2,0,0
2476,1,1,0,0,0,4,1,0
2477,1,2,0,0,0,4,1,0
2478,0,2,1,0,2,1,0,0
2479,0,0,0,0,0,2,1,0
2480,0,1,0,0,0,0,1,0
2481,1,2,0,0,1,1,1,0
2482,0,3,1,0,1,3,0,0
2483,0,0,1,0,0,0,0,0
2484,0,1,0,1,0,2,1,0
2485,0,2,1,0,1,2,0,0
2486,0,1,1,0,0,3,0,0
2487,1,1,1,0,0,2,0,0
2488,2,1,0,0,2,2,1,0
2489,2,1,0,0,1,1,1,0
2490,1,2,0,0,0,1,1,0
2491,2,1,1,0,3,3,0,0
2492,1,1,1,0,0,3,0,0
2493,1,2,1,0,3,0,0,0
2494,1,1,0,0,0,0,1,0
2495,0,1,0,0,0,3,1,0
2496,2,0,0,0,0,5,1,0
2497,2,0,0,0,0,1,1,0
2498,3,1,0,0,2,1,1,0
2499,1,4,1,0,2,1,0,0
2500,2,3,0,0,1,1,1,0
2501,0,0,0,0,0,0,1,0
2502,1,2,0,0,0,3,1,0
2503,0,2,1,0,2,2,0,0
2504,1,2,1,0,1,2,0,0
2505,0,3,1,0,1,1,0,0
2506,0,1,1,0,1,0,0,0
2507,1,3,0,0,0,3,1,0
2508,3,2,0,0,0,3,1,0
2509,0,2,1,0,0,1,0,0
2510,0,0,0,0,1,1,1,0
2511,1,1,1,0,2,0,0,0
2512,0,1,1,0,0,1,0,0
2513,1,2,1,0,4,4,0,0
2514,1,2,1,0,0,2,0,0
2515,1,2,1,0,1,3,0,0
2516,1,1,1,0,2,2,0,0
2517,1,1,1,0,0,2,0,0
2518,1,1,0,0,0,3,1,0
2519,3,1,0,0,2,2,1,0
2520,0,2,0,0,1,3,1,0
2521,0,2,0,0,0,2,1,0
2522,0,2,0,0,0,2,1,0
2523,0,0,1,0,0,1,0,0
2524,1,1,1,0,0,1,0,0
2525,0,2,0,0,0,2,1,0
2526,0,0,0,0,0,2,1,0
2527,0,0,0,0,0,1,1,0
2528,0,0,1,0,1,1,0,0
2529,1,1,1,0,1,0,0,0
2530,1,2,0,0,0,3,1,0
2531,1,1,0,0,0,1,1,0
2532,2,1,0,0,1,2,1,0
2533,0,1,0,0,0,2,1,0
2534,0,1,1,0,1,3,0,0
2535,1,1,0,0,0,2,1,0
2536,0,1,0,0,0,1,1,0
2537,1,0,0,0,1,1,1,0
2538,1,1,0,0,0,2,1,0
2539,1,2,1,0,0,2,0,0
2540,1,3,1,0,2,4,0,0
2541,1,2,1,0,0,1,0,0
2542,1,4,1,0,2,2,0,0
2543,0,1,0,0,1,1,1,0
2544,1,1,1,0,2,2,0,0
2545,0,0,0,0,0,1,1,0
2546,0,1,0,0,0,2,1,0
2547,2,2,0,0,1,2,1,0
2548,0,0,0,0,1,3,1,0
2549,2,2,1,0,2,5,0,0
2550,0,4,1,0,2,2,0,0
2551,0,1,0,0,0,1,1,0
2552,1,1,0,0,0,2,1,0
2553,1,1,1,0,2,3,0,0
2554,2,1,0,0,1,3,1,0
2555,1,2,0,0,1,1,1,0
2556,0,3,0,0,1,3,1,0
2557,0,1,1,0,1,0,0,0
2558,1,2,1,0,1,1,0,0
2559,1,2,0,0,1,2,1,0
2560,2,2,1,0,1,2,0,0
2561,1,1,1,0,1,3,0,0
2562,0,0,0,0,0,0,1,0
2563,0,1,0,0,0,1,1,0
2564,1,0,0,0,1,4,1,1
2565,0,1,0,0,1,1,1,0
2566,1,1,0,0,1,2,1,0
2567,1,3,1,0,0,3,0,0
2568,1,1,0,0,0,2,1,0
2569,0,1,1,0,1,0,0,0
2570,1,2,0,0,0,4,1,0
2571,0,3,0,0,1,2,1,0
2572,1,0,0,0,0,2,1,0
2573,2,3,1,0,3,2,0,0
2574,0,1,0,0,0,1,1,0
2575,2,1,1,0,3,3,0,0
2576,0,0,0,0,1,1,1,0
2577,1,1,0,0,2,4,1,0
2578,3,0,0,0,0,2,1,0
2579,2,3,1,0,1,4,0,0
2580,1,0,0,0,0,0,1,0
2581,1,1,1,0,0,0,0,0
2582,0,2,0,0,2,2,1,0
2583,0,0,0,0,0,1,1,0
2584,0,2,0,0,1,3,1,0
2585,1,2,0,0,0,2,1,0
2586,0,2,1,0,2,1,0,0
2587,0,0,1,0,0,0,0,0
2588,2,0,1,0,2,0,0,0
2589,0,3,1,0,2,0,0,0
2590,0,1,1,0,0,3,0,0
2591,0,1,1,0,1,0,0,0
2592,1,3,0,0,2,1,1,0
2593,1,3,0,0,1,1,1,0
2594,1,2,1,0,2,2,0,0
2595,2,0,0,0,1,0,1,0
2596,1,2,1,0,2,1,0,0
2597,0,1,1,0,1,2,0,0
2598,1,1,0,0,2,2,1,0
2599,0,2,0,0,0,3,1,0
2600,2,2,0,0,2,2,1,0
2601,1,3,1,0,2,1,0,0
2602,0,1,0,0,0,1,1,0
2603,0,1,0,0,0,3,1,0
2604,0,2,1,0,1,0,0,0
2605,0,1,1,0,0,0,0,0
2606,3,1,0,0,2,1,1,0
2607,0,0,0,0,0,0,1,0
2608,0,1,1,0,0,2,0,0
2609,0,0,0,0,1,2,1,0
2610,2,1,0,0,2,1,1,0
2611,2,2,1,0,0,2,0,0
2612,0,0,0,0,1,2,1,0
2613,1,2,1,0,0,2,0,0
2614,0,1,1,0,1,1,0,0
2615,1,1,0,0,1,2,1,0
2616,1,1,1,0,2,1,0,0
2617,1,1,1,0,0,1,0,0
2618,1,0,0,0,0,2,1,0
2619,1,2,0,0,2,4,1,0
2620,1,1,0,0,0,2,1,0
2621,1,0,0,0,0,3,1,0
2622,1,1,1,0,2,2,0,0
2623,0,3,0,0,0,1,1,0
2624,2,0,0,0,0,0,1,0
2625,0,2,1,0,1,1,0,0
2626,1,2,1,0,3,2,0,0
2627,2,2,1,0,1,2,0,0
2628,0,0,1,0,1,0,0,0
2629,0,1,1,0,0,0,0,0
2630,1,2,0,0,1,2,1,0
2631,1,1,1,0,0,5,0,0
2632,1,3,1,0,2,2,0,0
2633,2,0,0,0,0,2,1,0
2634,5,0,0,0,0,2,1,0
2635,0,0,0,0,1,3,1,0
2636,0,0,1,0,1,0,0,0
2637,0,2,1,0,0,2,0,0
2638,0,3,1,0,0,5,0,0
2639,0,0,0,0,0,0,1,0
2640,3,4,0,0,1,2,1,0
2641,0,1,0,0,0,3,1,1
2642,1,1,0,0,0,2,1,0
2643,2,2,0,0,0,2,1,0
2644,2,1,0,0,1,2,1,0
2645,0,3,1,0,2,2,0,0
2646,0,1,0,0,1,3,1,0
2647,0,2,1,0,1,2,0,0
2648,1,0,0,0,0,2,1,0
2649,0,3,1,0,0,3,0,0
2650,2,2,0,0,0,1,1,0
2651,0,2,1,0,1,2,0,0
2652,2,0,1,0,0,2,0,1
2653,1,0,0,0,1,1,1,0
2654,2,1,0,0,0,2,1,0
2655,1,1,1,0,2,1,0,0
2656,1,1,0,0,0,4,1,0
2657,1,2,1,0,1,1,0,0
2658,1,0,0,0,0,0,1,0
2659,1,2,1,0,0,0,0,0
2660,0,0,1,0,1,1,0,0
2661,0,5,1,0,1,1,0,0
2662,0,1,0,0,0,1,1,0
2663,1,1,1,0,0,1,0,0
2664,3,1,1,0,0,1,0,0
2665,1,2,1,0,1,2,0,0
2666,0,2,0,0,2,3,1,0
2667,1,2,1,0,0,2,0,1
2668,0,3,1,0,2,2,0,0
2669,2,3,0,0,1,3,1,0
2670,0,0,1,0,0,0,0,0
2671,3,0,0,0,0,1,1,0
2672,0,2,1,0,1,2,0,0
2673,0,2,0,0,0,2,1,0
2674,0,1,1,0,1,1,0,0
2675,2,1,0,0,1,3,1,1
2676,2,1,0,0,1,0,1,0
2677,0,1,0,0,0,1,1,0
2678,0,3,1,0,0,2,0,0
2679,0,0,0,0,0,0,1,0
2680,4,1,1,0,0,1,0,0
2681,0,0,0,0,0,0,1,0
2682,3,2,1,0,2,1,0,0
2683,1,0,0,0,0,3,1,0
2684,0,0,0,0,0,2,1,0
2685,0,5,1,0,1,1,0,0
2686,0,1,1,0,0,1,0,0
2687,0,2,0,0,1,2,1,0
2688,1,0,0,0,0,4,1,0
2689,0,4,1,0,0,1,0,0
2690,1,2,0,0,0,3,1,0
2691,1,1,0,0,0,1,1,0
2692,0,0,1,0,0,0,0,0
2693,2,3,0,0,0,3,1,0
2694,0,3,1,0,0,0,0,1
2695,1,0,0,0,0,0,1,0
2696,1,2,0,0,1,3,1,0
2697,1,1,1,0,0,2,0,0
2698,2,2,0,0,1,1,1,0
2699,1,1,0,0,2,1,1,0
2700,0,2,1,0,1,1,0,0
2701,0,0,1,0,0,0,0,0
2702,0,2,1,0,1,0,0,0
2703,1,1,0,0,0,3,1,0
2704,1,0,0,0,0,1,1,0
2705,1,1,0,0,0,3,1,0
2706,1,4,0,0,0,5,1,0
2707,0,0,0,0,0,0,1,0
2708,3,2,0,0,2,2,1,0
2709,1,4,0,0,1,2,1,0
2710,3,3,1,0,0,1,0,0
2711,0,0,0,0,0,1,1,0
2712,1,2,1,0,1,2,0,0
2713,1,2,1,0,1,1,0,0
2714,0,2,1,0,1,2,0,0
2715,4,2,0,0,0,1,1,0
2716,2,1,0,0,0,0,1,0
2717,0,2,0,0,3,5,1,0
2718,4,2,1,0,2,0,0,0
2719,3,1,0,0,1,1,1,0
2720,4,2,1,0,0,0,0,0
2721,0,2,1,0,0,2,0,0
2722,2,2,0,0,1,3,1,0
2723,2,2,1,0,1,2,0,0
2724,2,2,0,0,0,2,1,0
2725,0,4,1,0,0,2,0,0
2726,2,3,1,0,0,2,0,0
2727,0,1,1,1,1,1,0,0
2728,1,0,0,0,1,1,1,0
2729,1,4,1,0,0,0,0,0
2730,1,2,0,0,1,5,1,0
2731,2,1,0,0,0,1,1,0
2732,0,2,0,0,0,2,1,0
2733,0,4,1,0,2,1,0,0
2734,0,0,1,0,0,0,0,0
2735,0,1,0,0,3,3,1,0
2736,0,1,0,0,1,2,1,0
2737,1,1,0,0,0,3,1,0
2738,0,1,1,0,0,0,0,0
2739,2,2,1,0,2,3,0,0
2740,0,1,0,0,0,2,1,0
2741,5,0,0,0,0,1,1,0
2742,0,0,0,0,0,0,1,0
2743,1,4,0,0,0,1,1,0
2744,0,6,1,0,1,2,0,0
2745,1,1,0,0,1,3,1,0
2746,1,1,0,0,1,2,1,0
2747,1,4,0,0,4,3,1,0
2748,2,2,1,0,0,1,0,0
2749,0,2,0,0,0,4,1,0
2750,2,1,1,0,0,1,0,0
2751,2,2,1,0,1,1,0,0
2752,0,1,1,0,2,1,0,0
2753,1,1,0,0,0,2,1,0
2754,0,1,0,0,1,2,1,0
2755,1,3,1,0,0,1,0,0
2756,2,1,1,0,0,3,0,0
2757,1,3,0,0,0,1,1,0
2758,0,0,0,0,0,2,1,0
2759,1,2,0,0,1,2,1,0
2760,0,0,0,0,0,0,1,0
2761,2,2,0,0,0,3,1,0
2762,0,1,1,0,3,0,0,0
2763,0,1,1,0,1,6,0,0
2764,0,1,0,0,0,3,1,0
2765,1,3,1,0,0,4,0,0
2766,5,2,1,0,1,3,0,0
2767,1,4,1,0,3,1,0,0
2768,1,0,0,0,0,0,1,0
2769,0,0,0,0,0,0,1,0
2770,4,1,0,0,0,3,1,0
2771,0,3,1,0,2,0,0,0
2772,3,2,0,0,1,1,1,0
2773,2,0,0,0,1,3,1,0
2774,0,1,0,0,1,1,1,0
2775,1,2,0,0,0,1,1,0
2776,0,3,1,0,0,1,0,0
2777,3,2,1,0,2,4,0,0
2778,4,4,1,0,1,2,0,0
2779,1,0,0,0,2,2,1,0
2780,0,0,1,0,1,0,0,0
2781,0,3,1,0,1,1,0,0
2782,2,2,0,0,1,1,1,0
2783,0,1,1,0,0,0,0,0
2784,1,3,1,0,3,2,0,0
2785,1,1,0,0,0,0,1,0
2786,0,0,0,0,1,0,1,0
2787,0,3,0,0,0,3,1,0
2788,3,0,0,0,1,1,1,0
2789,0,1,1,0,1,4,0,0
2790,1,0,0,0,0,1,1,0
2791,0,1,1,0,0,2,0,0
2792,1,2,1,0,1,1,0,0
2793,0,3,1,0,0,2,0,0
2794,3,1,0,0,0,3,1,0
2795,2,2,0,0,0,1,1,0
2796,0,1,0,0,1,1,1,0
2797,0,3,0,0,1,1,1,0
2798,0,2,0,0,1,0,1,0
2799,0,1,1,0,2,4,0,0
2800,3,3,1,0,2,4,0,0
2801,1,2,0,0,2,1,1,0
2802,0,0,0,0,1,2,1,0
2803,0,0,0,0,2,1,1,0
2804,1,0,1,0,1,1,0,0
2805,2,1,0,0,0,2,1,0
2806,0,0,1,0,0,0,0,0
2807,1,3,0,0,0,3,1,0
2808,0,1,0,0,0,1,1,0
2809,0,2,1,0,2,1,0,0
2810,1,1,0,0,0,3,1,0
2811,0,0,1,0,0,0,0,0
2812,1,2,0,0,0,2,1,0
2813,1,1,0,1,0,4,1,0
2814,0,2,1,0,1,1,0,0
2815,0,0,0,0,0,2,1,0
2816,0,1,1,0,0,1,0,0
2817,2,3,1,0,1,2,0,0
2818,3,1,0,0,0,3,1,0
2819,1,2,0,0,0,2,1,1
2820,0,0,1,0,0,0,0,0
2821,1,4,0,0,1,2,1,0
2822,2,3,1,0,2,4,0,0
2823,0,1,1,0,2,0,0,0
2824,2,2,0,0,0,1,1,0
2825,1,1,1,0,5,0,0,0
2826,0,2,1,0,1,0,0,0
2827,2,2,0,0,2,3,1,0
2828,4,3,1,0,2,0,0,0
2829,0,0,0,0,0,0,1,0
2830,2,0,0,0,0,3,1,0
2831,0,1,0,0,0,1,1,0
2832,3,1,0,0,1,5,1,0
2833,2,2,0,0,0,2,1,0
2834,1,3,1,0,0,2,0,0
2835,5,1,0,0,1,2,1,0
2836,2,4,1,0,1,1,0,0
2837,0,0,1,0,0,2,0,1
2838,2,2,0,0,0,1,1,0
2839,0,0,0,0,1,1,1,0
2840,1,1,0,0,1,1,1,0
2841,0,2,0,0,2,2,1,0
2842,0,1,1,0,1,1,0,0
2843,0,1,0,0,0,0,1,0
2844,3,1,0,0,0,2,1,0
2845,0,0,1,0,0,0,0,0
2846,2,2,0,0,0,1,1,0
2847,2,2,0,0,0,4,1,0
2848,2,2,1,0,0,1,0,0
2849,0,2,0,0,2,3,1,0
2850,0,0,1,0,0,1,0,0
2851,0,0,0,0,2,2,1,0
2852,3,0,0,1,0,1,1,0
2853,0,0,0,0,0,0,1,0
2854,1,2,1,0,2,0,0,0
2855,0,3,1,0,0,0,0,0
2856,0,0,1,0,1,0,0,0
2857,1,1,1,0,0,2,0,0
2858,1,2,1,0,1,2,0,1
2859,0,3,0,0,0,3,1,0
2860,2,3,0,0,1,5,1,0
2861,1,2,1,0,2,3,0,0
2862,2,2,0,0,0,4,1,0
2863,0,0,0,0,1,2,1,0
2864,0,1,0,0,0,1,1,0
2865,1,0,0,0,2,2,1,0
2866,1,3,0,0,2,3,1,0
2867,1,2,0,0,0,3,1,0
2868,0,1,1,0,2,2,0,0
2869,0,2,1,0,3,0,0,0
2870,2,1,1,0,1,2,0,0
2871,1,4,1,0,2,2,0,1
2872,2,2,1,1,2,3,0,0
2873,1,2,0,0,0,4,1,0
2874,4,1,0,0,0,1,1,0
2875,0,1,0,0,1,3,1,0
2876,1,3,1,0,0,1,0,0
2877,0,0,0,0,0,0,1,0
2878,0,0,0,0,0,0,1,0
2879,1,0,0,0,3,0,1,0
2880,0,4,1,0,1,2,0,0
2881,0,0,1,0,0,0,0,0
2882,3,0,0,0,0,0,1,0
2883,3,0,0,0,2,0,1,0
2884,1,0,0,0,1,0,1,0
2885,2,0,0,0,1,0,1,0
2886,0,0,1,0,2,0,0,0
2887,0,0,1,0,0,0,0,0
2888,0,0,0,0,0,0,1,0
2889,1,0,0,0,0,0,1,0
2890,3,1,0,0,0,0,1,0
2891,2,0,1,0,1,0,0,0
2892,0,0,0,0,1,0,1,0
2893,1,0,1,0,0,0,0,0
2894,1,0,0,0,0,0,1,0
2895,1,0,0,0,1,0,1,0
2896,1,0,0,0,0,0,1,0
2897,1,0,1,0,0,0,0,0
2898,0,0,1,0,1,0,0,0
2899,1,0,1,0,1,0,0,0
2900,1,0,0,0,0,0,1,0
2901,1,0,0,0,1,0,1,1
2902,0,0,1,0,0,0,0,0
2903,3,0,1,0,0,0,0,0
2904,0,0,1,0,1,0,0,0
2905,1,2,1,0,1,3,0,0
2906,2,1,0,0,2,1,1,0
2907,0,0,0,0,0,0,1,0
2908,0,0,1,0,2,0,0,0
2909,1,0,0,0,1,0,1,0
2910,1,0,1,0,1,0,0,0
2911,1,2,0,0,1,2,1,0
2912,1,0,0,0,0,0,1,0
2913,2,0,0,0,0,0,1,0
2914,2,0,0,0,1,2,1,0
2915,2,0,1,0,0,0,0,0
2916,1,2,0,0,0,2,1,0
2917,0,3,1,0,2,0,0,1
2918,0,1,1,0,1,0,0,0
2919,1,0,0,0,0,0,1,0
2920,0,0,0,0,1,0,1,0
2921,2,2,0,0,0,6,1,0
2922,1,0,0,0,1,0,1,0
2923,0,1,1,0,1,2,0,0
2924,0,0,1,0,1,0,0,0
2925,1,0,0,0,0,2,1,0
2926,0,0,0,0,1,0,1,0
2927,1,0,0,0,2,0,1,0
2928,0,0,1,0,0,0,0,0
2929,1,1,0,0,0,0,1,0
2930,0,0,1,0,1,0,0,0
2931,0,3,0,0,1,1,1,0
2932,1,0,0,0,1,0,1,0
2933,1,0,1,0,2,3,0,0
2934,2,0,1,0,1,0,0,0
2935,2,0,1,0,2,0,0,0
2936,1,0,0,0,1,0,1,0
2937,1,0,0,0,0,0,1,0
2938,0,2,1,0,1,1,0,0
2939,2,1,1,0,2,2,0,0
2940,1,2,0,0,1,2,1,0
2941,0,2,0,0,0,3,1,0
2942,0,2,1,0,1,2,0,0
2943,0,2,1,0,1,3,0,0
2944,1,0,1,0,0,0,0,0
2945,0,2,0,0,1,2,1,0
2946,0,2,1,0,1,4,0,0
2947,0,1,1,0,2,1,0,0
2948,0,3,1,0,1,1,0,0
2949,0,0,1,0,1,0,0,0
2950,1,0,1,0,0,0,0,0
2951,2,2,0,0,0,6,1,0
2952,0,0,0,0,0,0,1,0
2953,0,2,1,0,1,0,0,0
2954,0,0,0,0,1,0,1,0
2955,0,0,0,0,0,0,1,0
2956,1,0,1,0,3,0,0,0
2957,2,0,0,0,0,0,1,0
2958,1,0,1,0,0,0,0,0
2959,2,0,0,0,2,0,1,0
2960,0,0,1,0,0,0,0,0
2961,1,0,0,0,2,0,1,0
2962,1,0,0,0,1,0,1,0
2963,1,0,1,0,3,0,0,0
2964,0,0,1,0,2,0,0,0
2965,1,2,1,0,3,2,0,0
2966,2,0,1,0,2,0,0,0
2967,1,0,0,0,0,0,1,0
2968,2,0,1,0,1,0,0,0
2969,0,2,1,0,1,1,0,0
2970,1,0,0,0,1,0,1,0
2971,2,3,1,0,1,1,0,0
2972,3,2,0,0,2,4,1,0
2973,2,1,0,0,1,1,1,0
2974,1,0,1,0,0,1,0,0
2975,2,1,0,0,0,0,1,0
2976,0,3,1,0,0,1,0,0
2977,0,2,0,0,0,3,1,0
2978,1,0,0,0,1,2,1,0
2979,0,1,0,0,0,2,1,0
2980,1,3,1,0,2,0,0,0
2981,0,0,1,0,1,0,0,0
2982,0,0,0,0,0,2,1,0
2983,1,2,0,0,2,3,1,0
2984,1,1,1,0,3,1,0,0
2985,1,1,1,0,3,2,0,0
2986,0,0,0,0,0,0,1,0
2987,0,0,0,0,0,0,1,0
2988,0,4,1,0,2,2,0,0
2989,0,1,1,0,1,1,0,0
2990,1,2,0,0,1,2,1,0
2991,0,5,0,0,0,4,1,0
2992,1,1,1,0,0,1,0,0
2993,0,3,0,0,1,4,1,1
2994,1,1,0,1,0,2,1,0
2995,2,2,1,0,0,0,0,0
2996,0,2,1,0,0,2,0,0
2997,1,0,1,0,1,0,0,0
2998,1,0,0,0,1,0,1,0
2999,0,4,1,0,0,3,0,0
3000,2,2,1,0,2,1,0,0
3001,1,0,1,0,0,1,0,0
3002,1,1,1,0,1,0,0,0
3003,1,2,0,0,0,5,1,0
3004,2,0,0,0,0,2,1,0
3005,4,2,0,0,2,1,1,0
3006,1,0,0,0,1,2,1,0
3007,3,0,0,0,4,1,1,0
3008,1,1,0,0,0,2,1,0
3009,0,1,1,0,2,1,0,0
3010,1,3,0,0,0,3,1,0
3011,1,3,1,0,0,2,0,0
3012,1,3,1,0,0,4,0,0
3013,2,2,1,0,2,2,0,0
3014,0,0,0,0,0,2,1,0
3015,4,3,1,0,0,4,0,0
3016,3,2,0,0,0,4,1,0
3017,1,1,0,0,1,1,1,0
3018,1,1,0,0,0,1,1,0
3019,1,1,0,0,0,0,1,0
3020,0,0,0,0,0,2,1,0
3021,1,3,1,0,3,3,0,0
3022,0,2,0,0,1,1,1,0
3023,0,0,1,0,1,3,0,0
3024,0,1,1,0,0,3,0,0
3025,1,0,0,0,0,1,1,0
3026,1,2,0,0,0,3,1,0
3027,1,1,0,0,0,2,1,0
3028,0,2,1,0,0,2,0,0
3029,1,1,0,0,1,2,1,0
3030,1,1,1,0,1,0,0,0
3031,2,1,0,0,2,1,1,0
3032,0,0,0,0,0,0,1,0
3033,1,2,0,0,0,2,1,0
3034,1,0,0,0,0,1,1,0
3035,1,4,1,0,2,4,0,0
3036,0,3,0,0,1,4,1,0
3037,0,4,1,0,0,1,0,0
3038,1,4,0,0,1,2,1,0
3039,0,0,0,0,0,0,1,0
3040,0,2,1,0,0,2,0,0
3041,1,2,0,0,1,2,1,0
3042,1,3,0,0,0,3,1,0
3043,0,3,0,1,0,5,1,0
3044,0,3,0,0,0,2,1,0
3045,0,3,0,0,0,4,1,0
3046,1,3,0,0,0,2,1,0
3047,2,0,0,0,0,2,1,0
3048,0,3,1,0,1,1,0,0
3049,2,1,0,1,2,2,1,0
3050,2,2,0,0,0,1,1,0
3051,2,0,0,0,0,0,1,0
3052,1,1,0,0,1,2,1,0
3053,2,2,0,0,3,2,1,0
3054,0,0,0,0,2,2,1,0
3055,3,2,0,0,0,1,1,0
3056,1,2,1,0,0,1,0,0
3057,0,1,1,0,0,1,0,0
3058,0,1,1,0,0,0,0,0
3059,0,1,1,0,1,1,0,0
3060,0,2,1,0,0,2,0,0
3061,2,3,1,0,1,2,0,0
3062,0,2,1,0,1,2,0,0
3063,0,1,1,0,1,0,0,0
3064,0,0,0,0,1,1,1,0
3065,0,1,1,0,1,1,0,0
3066,2,3,0,0,0,4,1,0
3067,2,4,1,0,1,1,0,0
3068,1,2,0,0,0,2,1,0
3069,0,0,0,0,0,0,1,0
3070,1,3,0,0,0,7,1,0
3071,0,3,1,0,0,1,0,0
3072,0,1,0,0,0,3,1,0
3073,1,1,0,0,0,1,1,0
3074,0,1,0,0,0,1,1,0
3075,1,1,0,0,0,2,1,1
3076,2,3,1,0,1,3,0,0
3077,0,1,0,0,1,4,1,0
3078,0,0,0,0,0,2,1,0
3079,0,0,0,0,0,0,1,0
3080,0,4,0,0,1,2,1,0
3081,0,2,0,0,0,1,1,0
3082,1,2,1,0,1,2,0,0
3083,1,2,0,0,1,3,1,0
3084,0,1,0,0,0,2,1,0
3085,0,2,0,0,0,2,1,0
3086,1,1,0,0,0,2,1,0
3087,0,1,0,0,1,1,1,0
3088,0,1,1,0,0,1,0,0
3089,0,0,0,0,1,2,1,0
3090,0,0,0,0,0,1,1,0
3091,0,0,1,0,0,1,0,0
3092,0,0,0,0,0,1,1,0
3093,0,0,0,0,1,0,1,0
3094,1,1,1,0,0,1,0,0
3095,1,3,0,0,2,1,1,0
3096,1,0,0,0,0,2,1,0
3097,4,0,0,0,0,1,1,0
3098,2,3,0,0,1,4,1,0
3099,1,0,1,0,1,0,0,0
3100,0,2,0,0,1,3,1,0
3101,3,1,1,0,1,1,0,0
3102,0,1,1,0,1,1,0,0
3103,0,0,0,0,2,1,1,0
3104,1,3,1,0,0,2,0,0
3105,0,1,1,0,0,1,0,0
3106,1,3,0,0,0,4,1,0
3107,2,2,0,0,0,0,1,0
3108,0,1,1,0,0,0,0,0
3109,1,3,0,0,1,3,1,0
3110,0,2,1,0,2,4,0,0
3111,3,4,1,0,0,2,0,0
3112,0,1,0,0,0,1,1,1
3113,0,3,0,0,0,2,1,0
3114,0,0,0,0,0,1,1,0
3115,0,0,0,0,0,0,1,0
3116,1,1,1,0,1,1,0,0
3117,0,1,1,0,0,3,0,0
3118,1,3,0,0,0,3,1,0
3119,0,0,1,0,0,0,0,0
3120,1,2,0,0,2,2,1,0
3121,0,1,0,0,1,2,1,0
3122,0,3,1,0,2,0,0,0
3123,1,3,1,0,3,6,0,0
3124,1,1,0,0,0,1,1,0
3125,1,4,1,0,2,3,0,0
3126,0,3,0,0,0,3,1,0
3127,1,1,0,0,1,3,1,0
3128,1,5,1,0,2,4,0,0
3129,0,2,0,0,0,3,1,0
3130,3,0,0,0,0,5,1,0
3131,1,1,0,0,0,2,1,0
3132,1,0,0,0,1,2,1,0
3133,1,1,1,0,1,2,0,0
3134,0,1,0,0,0,2,1,0
3135,0,0,0,0,0,0,1,0
3136,0,2,1,0,1,2,0,0
3137,1,3,0,0,1,1,1,0
3138,0,1,1,0,0,3,0,0
3139,2,1,0,0,0,4,1,0
3140,1,3,1,0,1,1,0,0
3141,1,2,0,0,0,2,1,0
3142,0,2,1,0,0,0,0,0
3143,1,2,0,0,0,2,1,0
3144,3,3,0,0,0,2,1,0
3145,1,2,1,0,1,4,0,0
3146,3,1,1,0,1,2,0,0
3147,2,2,0,0,0,4,1,0
3148,0,0,0,0,1,1,1,0
3149,1,3,1,0,2,1,0,0
3150,1,0,0,0,0,0,1,0
3151,0,0,0,0,0,2,1,0
3152,1,1,0,0,1,1,1,0
3153,0,1,1,0,1,0,0,0
3154,0,2,1,0,0,1,0,0
3155,0,3,1,0,1,2,0,0
3156,0,1,0,0,0,2,1,0
3157,0,0,1,0,0,0,0,0
3158,2,3,1,0,1,6,0,0
3159,0,1,0,0,0,3,1,0
3160,1,3,0,0,1,2,1,0
3161,2,3,0,0,1,2,1,0
3162,1,1,0,0,0,2,1,0
3163,3,5,1,0,1,5,0,0
3164,0,3,1,0,0,0,0,0
3165,0,2,1,0,1,2,0,0
3166,0,0,0,0,0,0,1,0
3167,1,1,1,0,1,2,0,0
3168,1,3,1,0,2,3,0,0
3169,0,1,0,1,0,1,1,0
3170,0,2,0,0,0,0,1,0
3171,1,2,0,0,0,3,1,0
3172,1,2,1,0,1,1,0,0
3173,0,0,0,0,0,2,1,0
3174,4,3,1,0,2,2,0,0
3175,1,1,0,0,1,3,1,0
3176,1,0,1,0,0,2,0,0
3177,0,1,1,0,0,1,0,0
3178,1,1,1,0,1,1,0,0
3179,2,2,0,0,0,1,1,0
3180,3,1,0,0,1,2,1,0
3181,0,1,0,0,0,2,1,0
3182,2,3,0,1,1,2,1,0
3183,1,2,1,0,1,0,0,0
3184,0,2,0,0,0,0,1,0
3185,2,3,0,0,0,3,1,0
3186,1,1,0,0,0,1,1,0
3187,3,1,0,0,2,1,1,0
3188,4,1,0,0,2,3,1,0
3189,1,5,1,0,0,2,0,0
3190,0,2,1,0,0,3,0,0
3191,1,2,0,0,4,0,1,0
3192,0,2,0,0,1,0,1,0
3193,2,2,1,0,1,2,0,0
3194,0,3,0,0,0,2,1,0
3195,1,3,1,0,4,2,0,0
3196,1,4,0,0,1,1,1,0
3197,0,0,0,0,0,1,1,0
3198,1,1,0,0,0,3,1,0
3199,2,1,0,0,0,2,1,0
3200,1,1,1,0,2,1,0,0
3201,1,2,1,0,1,3,0,0
3202,2,1,0,0,0,2,1,0
3203,2,3,1,0,1,1,0,0
3204,2,3,0,0,0,1,1,0
3205,0,4,1,0,0,1,0,0
3206,0,2,0,0,0,2,1,0
3207,2,2,1,0,0,2,0,0
3208,0,1,0,0,0,1,1,0
3209,0,2,0,0,0,4,1,0
3210,1,2,0,0,1,2,1,0
3211,0,0,0,0,0,5,1,0
3212,0,1,1,0,1,4,0,0
3213,1,3,1,0,1,1,0,0
3214,2,1,0,0,1,2,1,0
3215,2,1,1,0,0,1,0,0
3216,3,2,0,0,1,2,1,0
3217,1,0,0,0,1,2,1,0
3218,0,1,1,0,1,1,0,0
3219,1,2,0,0,0,1,1,0
3220,1,4,1,0,2,4,0,0
3221,0,1,1,0,0,0,0,0
3222,0,1,1,0,2,1,0,0
3223,0,1,1,0,2,2,0,0
3224,1,2,1,0,0,1,0,0
3225,1,3,1,0,1,1,0,0
3226,5,2,0,0,0,1,1,0
3227,0,2,1,0,0,1,0,0
3228,0,0,0,0,0,1,1,0
3229,1,3,1,0,2,6,0,0
3230,2,2,0,0,0,2,1,0
3231,2,1,0,0,0,1,1,0
3232,0,0,0,0,0,2,1,0
3233,2,3,1,0,0,4,0,0
3234,1,2,1,0,0,2,0,0
3235,1,1,0,0,1,2,1,0
3236,1,0,0,0,1,2,1,0
3237,1,0,0,0,0,1,1,0
3238,0,2,1,0,1,0,0,0
3239,0,3,1,0,1,5,0,0
3240,0,1,0,0,2,2,1,0
3241,0,0,1,0,0,0,0,0
3242,0,1,0,0,0,1,1,0
3243,0,1,1,0,0,1,0,0
3244,0,1,0,1,0,1,1,0
3245,1,0,0,0,0,0,1,0
3246,0,0,0,0,0,2,1,0
3247,0,4,1,0,1,1,0,0
3248,0,0,0,0,0,0,1,0
3249,2,4,1,0,0,2,0,0
3250,0,3,1,0,3,0,0,0
3251,2,2,1,0,0,2,0,0
3252,1,1,0,0,0,1,1,0
3253,3,2,0,0,2,2,1,0
3254,0,0,0,0,1,2,1,0
3255,3,3,1,0,3,1,0,0
3256,3,3,0,0,0,1,1,0
3257,0,0,0,0,0,1,1,0
3258,0,1,1,0,0,1,0,0
3259,1,3,1,0,1,3,0,0
3260,1,1,1,0,2,0,0,0
3261,1,1,1,0,1,0,0,0
3262,1,3,0,0,1,1,1,0
3263,1,2,1,0,0,1,0,0
3264,0,3,1,0,1,5,0,0
3265,1,3,1,0,0,3,0,0
3266,0,2,1,0,1,3,0,0
3267,2,3,0,0,0,3,1,0
3268,2,0,0,0,1,1,1,0
3269,1,0,0,0,0,1,1,0
3270,0,0,0,0,0,2,1,0
3271,1,2,1,0,0,2,0,0
3272,0,0,0,0,0,0,1,0
3273,1,1,0,0,1,1,1,0
3274,1,1,0,0,1,2,1,0
3275,0,4,1,0,1,3,0,0
3276,1,2,0,0,0,2,1,0
3277,2,0,0,0,1,2,1,0
3278,1,1,1,0,0,1,0,0
3279,1,1,1,0,0,1,0,0
3280,0,2,0,0,1,2,1,0
3281,2,2,1,0,3,2,0,0
3282,0,2,1,0,1,1,0,1
3283,3,1,0,0,0,3,1,0
3284,0,2,0,0,0,3,1,0
3285,0,0,0,0,0,0,1,0
3286,1,1,0,0,0,2,1,0
3287,3,2,1,0,0,0,0,0
3288,0,0,1,0,1,0,0,0
3289,0,0,0,0,1,2,1,0
3290,1,1,1,0,2,0,0,0
3291,0,1,1,0,1,1,0,0
3292,2,0,1,0,0,3,0,0
3293,0,0,1,0,0,0,0,0
3294,0,0,0,0,1,0,1,0
3295,1,4,0,0,3,1,1,0
3296,0,1,1,0,0,0,0,0
3297,0,0,1,0,0,0,0,0
3298,0,1,1,0,1,1,0,0
3299,0,0,0,0,0,0,1,0
3300,2,2,0,0,1,2,1,0
3301,1,2,1,0,0,0,0,0
3302,1,0,1,0,0,0,0,1
3303,1,0,0,0,0,0,1,0
3304,1,0,0,0,1,0,1,0
3305,2,0,0,0,3,0,1,0
3306,0,0,1,0,1,0,0,0
3307,2,1,0,0,1,0,1,0
3308,0,1,0,0,3,4,1,0
3309,1,0,0,0,2,1,1,0
3310,1,0,1,0,1,0,0,0
3311,0,0,1,0,2,1,0,0
3312,0,0,1,0,1,1,0,0
3313,0,2,1,0,1,1,0,0
3314,0,1,0,0,1,1,1,0
3315,0,0,0,0,0,0,1,0
3316,1,0,0,0,0,2,1,0
3317,2,0,1,0,0,1,0,0
3318,0,0,0,0,1,1,1,0
3319,0,0,0,0,1,3,1,0
3320,2,1,0,0,0,0,1,0
3321,1,1,0,0,1,1,1,0
3322,3,2,1,0,1,2,0,0
3323,1,1,1,0,3,0,0,0
3324,0,0,0,0,0,0,1,0
3325,1,3,0,1,1,3,1,0
3326,0,2,1,0,1,1,0,0
3327,0,0,0,0,0,1,1,0
3328,1,2,1,0,0,2,0,0
3329,1,1,0,0,1,1,1,0
3330,3,3,0,0,1,3,1,0
3331,2,2,0,0,1,2,1,0
3332,0,0,0,0,0,2,1,0
3333,0,0,0,0,2,0,1,0
3334,1,3,1,0,0,0,0,0
3335,0,1,1,0,0,0,0,0
3336,0,0,0,0,0,0,1,0
3337,0,0,0,0,0,0,1,0
3338,2,1,1,0,0,1,0,0
3339,0,0,0,0,1,1,1,0
3340,2,3,1,0,1,2,0,0
3341,1,0,1,0,1,1,0,0
3342,0,0,1,1,1,1,0,0
3343,5,0,0,0,1,0,1,0
3344,2,0,0,0,4,3,1,0
3345,0,0,0,0,0,0,1,0
3346,0,0,1,0,0,0,0,0
3347,3,1,0,0,1,1,1,0
3348,1,1,1,0,1,1,0,0
3349,0,3,1,0,1,4,0,0
3350,1,1,0,0,0,1,1,0
3351,0,0,0,0,0,0,1,0
3352,2,0,0,0,1,3,1,0
3353,0,3,0,0,1,3,1,0
3354,0,1,0,0,1,1,1,0
3355,1,1,0,0,0,1,1,0
3356,0,1,0,0,0,1,1,0
3357,2,0,0,0,0,2,1,0
3358,0,1,0,0,0,1,1,0
3359,1,2,0,0,0,1,1,0
3360,1,0,0,0,0,0,1,0
3361,0,0,1,0,0,0,0,0
3362,1,0,0,0,0,0,1,0
3363,1,3,0,0,0,2,1,0
3364,0,0,1,0,0,0,0,0
3365,2,1,1,0,1,0,0,0
3366,0,0,1,0,1,0,0,0
3367,4,2,0,0,0,3,1,1
3368,4,0,0,0,1,1,1,0
3369,0,1,1,0,4,0,0,0
3370,0,0,0,0,0,0,1,0
3371,1,1,1,0,0,0,0,0
3372,0,0,0,0,0,1,1,0
3373,0,0,0,0,0,3,1,0
3374,1,2,1,0,1,0,0,0
3375,2,3,0,0,1,1,1,0
3376,1,0,0,0,0,0,1,0
3377,0,0,0,0,0,0,1,0
3378,1,0,0,0,1,0,1,0
3379,1,1,1,0,1,0,0,0
3380,1,0,1,0,0,1,0,0
3381,1,0,0,0,0,1,1,0
3382,0,2,1,0,0,0,0,0
3383,0,1,0,0,0,2,1,0
3384,0,1,0,0,1,1,1,0
3385,0,0,0,0,2,0,1,0
3386,1,1,0,1,1,1,1,0
3387,2,1,1,0,1,1,0,0
3388,1,1,0,0,2,3,1,0
3389,0,0,1,0,1,0,0,0
3390,1,0,0,0,0,0,1,0
3391,2,1,0,0,1,1,1,0
3392,1,2,0,0,0,0,1,0
3393,2,2,0,0,0,3,1,0
3394,0,1,1,0,0,0,0,0
3395,2,0,0,0,0,3,1,0
3396,1,0,0,0,0,0,1,0
3397,0,1,0,0,0,0,1,0
3398,2,1,0,0,1,2,1,0
3399,0,0,1,0,0,2,0,0
3400,0,0,0,0,0,0,1,0
3401,0,1,1,0,0,2,0,0
3402,0,0,0,0,0,2,1,0
3403,1,0,0,0,0,0,1,0
3404,1,1,0,0,1,2,1,0
3405,0,0,0,0,1,1,1,0
3406,3,1,0,0,0,3,1,0
3407,1,1,1,0,0,0,0,0
3408,0,1,0,0,0,1,1,0
3409,1,2,1,0,1,2,0,0
3410,0,1,0,0,1,1,1,0
3411,2,3,1,0,1,1,0,0
3412,2,2,1,0,0,1,0,0
3413,0,1,0,0,0,3,1,0
3414,0,0,0,0,0,0,1,0
3415,0,0,0,0,0,0,1,0
3416,1,0,0,0,0,0,1,0
3417,2,1,1,0,0,2,0,0
3418,0,0,1,0,1,2,0,0
3419,1,2,0,0,0,0,1,0
3420,0,0,1,0,0,0,0,0
3421,1,0,1,0,1,0,0,0
3422,0,3,0,0,0,1,1,0
3423,0,0,0,0,0,0,1,0
3424,2,2,0,0,1,2,1,0
3425,1,0,1,0,3,0,0,0
3426,1,0,0,0,0,1,1,0
3427,0,0,1,0,0,0,0,0
3428,1,0,0,0,0,2,1,0
3429,2,3,0,0,1,2,1,0
3430,1,0,0,0,1,2,1,0
3431,0,1,0,0,0,0,1,0
3432,1,1,1,0,4,2,0,0
3433,0,0,0,0,1,1,1,0
3434,2,0,0,0,1,2,1,0
3435,1,0,0,0,1,2,1,0
3436,0,1,0,0,0,1,1,0
3437,0,0,0,0,0,0,1,0
3438,0,0,0,1,0,0,1,0
3439,1,0,0,0,0,0,1,0
3440,2,1,1,0,0,0,0,0
3441,0,1,0,0,0,0,1,0
3442,0,1,1,0,0,1,0,0
3443,0,1,1,0,0,1,0,0
3444,1,2,1,0,1,1,0,0
3445,0,1,1,0,0,2,0,0
3446,4,2,0,0,1,3,1,0
3447,2,0,0,0,1,0,1,0
3448,0,0,1,0,1,0,0,0
3449,2,3,0,0,2,2,1,0
3450,0,1,1,0,1,1,0,0
3451,2,0,0,0,0,1,1,0
3452,1,0,0,0,0,1,1,0
3453,0,1,1,0,0,1,0,0
3454,0,2,1,0,1,0,0,0
3455,0,0,0,0,0,1,1,0
3456,3,0,0,0,1,1,1,0
3457,0,1,0,0,0,0,1,0
3458,0,0,0,0,0,0,1,0
3459,0,2,0,0,0,1,1,0
3460,2,1,0,0,0,1,1,0
3461,0,0,0,0,0,0,1,0
3462,0,1,1,0,1,1,0,0
3463,1,2,1,0,1,1,0,0
3464,1,1,0,0,1,0,1,0
3465,1,0,0,0,0,1,1,0
3466,1,2,1,0,3,1,0,0
3467,0,0,0,0,1,0,1,0
3468,0,2,0,0,0,1,1,0
3469,0,0,0,0,1,2,1,0
3470,0,1,0,0,0,1,1,0
3471,1,2,0,0,0,2,1,0
3472,1,2,1,0,0,1,0,0
3473,1,1,0,0,1,2,1,0
3474,1,0,0,0,0,0,1,0
3475,1,0,0,1,1,0,1,0
3476,2,2,0,0,0,0,1,0
3477,1,1,0,0,0,1,1,0
3478,0,0,1,0,0,0,0,0
3479,0,0,0,0,0,2,1,0
3480,2,1,1,0,0,1,0,0
3481,1,0,0,1,0,1,1,1
3482,1,0,1,0,2,0,0,0
3483,1,0,0,0,0,0,1,0
3484,0,1,1,0,3,0,0,0
3485,0,3,1,0,3,2,0,0
3486,4,0,0,0,1,2,1,0
3487,0,2,1,0,1,3,0,0
3488,0,0,1,0,0,0,0,0
3489,1,0,1,0,0,0,0,0
3490,0,1,1,0,0,1,0,0
3491,1,2,0,0,0,1,1,0
3492,1,2,1,0,2,1,0,0
3493,0,0,0,0,1,0,1,0
3494,1,2,0,0,0,3,1,0
3495,1,1,0,0,0,0,1,0
3496,0,1,0,0,1,0,1,0
3497,1,0,0,0,0,0,1,0
3498,2,2,0,0,0,4,1,0
3499,0,1,0,0,0,0,1,0
3500,0,0,0,0,0,0,1,0
3501,1,0,1,0,2,0,0,0
3502,0,2,1,0,1,0,0,0
3503,0,0,0,0,0,1,1,0
3504,1,1,0,0,0,3,1,0
3505,2,2,0,0,0,3,1,0
3506,0,0,0,0,0,0,1,0
3507,1,1,1,0,0,0,0,0
3508,1,2,1,0,1,2,0,0
3509,0,2,1,0,1,0,0,0
3510,3,3,0,0,1,3,1,0
3511,1,1,0,0,2,1,1,0
3512,1,0,1,0,1,1,0,0
3513,0,2,1,0,0,1,0,0
3514,0,2,0,0,0,2,1,0
3515,0,0,0,0,1,1,1,0
3516,0,0,0,0,1,1,1,0
3517,2,1,1,0,0,0,0,0
3518,0,2,1,0,1,2,0,0
3519,0,1,1,0,0,2,0,0
3520,1,0,1,0,1,0,0,0
3521,0,1,0,0,0,1,1,0
3522,0,0,1,0,1,0,0,0
3523,1,4,1,0,0,3,0,0
3524,0,1,1,0,0,0,0,0
3525,0,0,0,0,0,1,1,0
3526,2,0,0,0,0,0,1,0
3527,0,0,1,0,0,2,0,0
3528,0,1,1,0,1,1,0,0
3529,1,3,1,0,1,1,0,0
3530,2,0,0,0,2,1,1,0
3531,0,1,0,0,2,0,1,1
3532,1,2,0,0,0,4,1,0
3533,1,1,0,0,0,0,1,0
3534,1,0,0,0,2,0,1,0
3535,1,0,0,1,0,1,1,0
3536,1,1,1,0,0,1,0,0
3537,1,2,0,0,1,3,1,0
3538,0,0,0,0,0,0,1,0
3539,2,1,0,0,0,2,1,0
3540,0,0,0,0,1,2,1,0
3541,1,0,1,0,4,0,0,0
3542,0,0,1,0,0,2,0,0
3543,0,0,0,0,0,1,1,0
3544,1,1,1,0,2,2,0,0
3545,2,1,1,0,1,1,0,0
3546,1,2,1,0,1,0,0,1
3547,1,2,0,0,1,1,1,0
3548,3,1,0,0,0,1,1,0
3549,2,2,0,0,0,2,1,0
3550,0,1,1,0,1,0,0,0
3551,1,1,1,0,0,0,0,0
3552,0,0,0,0,0,0,1,0
3553,1,0,1,0,1,0,0,0
3554,0,1,1,0,1,0,0,0
3555,1,0,0,0,0,1,1,0
3556,1,0,1,0,1,0,0,0
3557,0,2,1,0,3,1,0,0
3558,2,0,0,0,0,0,1,0
3559,1,2,0,0,0,0,1,0
3560,0,1,0,0,0,1,1,0
3561,0,0,0,0,1,1,1,0
3562,3,0,0,0,1,2,1,0
3563,1,0,0,0,0,0,1,0
3564,0,0,0,0,0,0,1,0
3565,0,1,0,1,0,3,1,0
